"","original_name","original_ID","scientificName","taxonID","notes","tax_notes","family"
"1","Capparidastrum brasilianum (DC.) Hutchinson",NA,"Capparidastrum brasilianum (DC.) Hutchinson",NA,"not in LFB",NA,"Capparaceae"
"2","Coccoloba ramosissima Wedd.",13711,"Coccoloba ramosissima Wedd.",13711,"LFB","name ok","Polygonaceae"
"3","Dicorynia ingens Ducke",78668,"Dicorynia paraensis var. ingens (Ducke) Koeppen",83071,"LFB","synonym","Fabaceae"
"4","Marlierea excoriata Mart.",10590,"Marlierea excoriata Mart.",10590,"LFB","name ok","Myrtaceae"
"5","Marlierea neuwiedeana (O.Berg) Nied.",NA,"Marlierea neuwiedeana (O.Berg) Nied.",NA,"not in LFB",NA,"Myrtaceae"
"6","Marlierea obscura Berg",NA,"Marlierea obscura Berg",NA,"not in LFB",NA,"Myrtaceae"
"7","Marlierea obversa C.D.Legrand",NA,"Marlierea obversa C.D.Legrand",NA,"not in LFB",NA,"Myrtaceae"
"8","Pityrocarpa moniliformis (Benth.) Luckow & R.W.Jobson",116640,"Pityrocarpa moniliformis (Benth.) Luckow & R.W.Jobson",116640,"LFB","name ok","Fabaceae"
"9","Poincianella bracteosa (Tul.) L.P.Queiroz",109774,"Poincianella bracteosa (Tul.) L.P.Queiroz",109774,"LFB","name ok","Fabaceae"
"10","Poincianella gardneriana (Benth.) L.P.Queiroz",109775,"Poincianella gardneriana (Benth.) L.P.Queiroz",109775,"LFB","name ok","Fabaceae"
"11","Poincianella microphylla (Mart. ex G.Don) L.P.Queiroz",109777,"Poincianella microphylla (Mart. ex G.Don) L.P.Queiroz",109777,"LFB","name ok","Fabaceae"
"12","Poincianella pyramidalis (Tul.) L.P.Queiroz",109818,"Poincianella pyramidalis (Tul.) L.P.Queiroz",109818,"LFB","name ok","Fabaceae"
"13","Tibouchina fissinervia (Schrank & Mart. ex DC.) Cogn.",9909,"Pleroma fissinervium Schrank et Mart. ex DC.",603029,"LFB","synonym","Melastomataceae"
"14","Tibouchina granulosa (Desr.) Cogn.",9919,"Pleroma granulosum (Desr.) D. Don",603035,"LFB","synonym","Melastomataceae"
"15","Tibouchina mutabilis (Vell.) Cogn.",9944,"Pleroma mutabile (Vell.) Triana",603045,"LFB","synonym","Melastomataceae"
"16","Tibouchina pulchra (Cham.) Cogn.",NA,"Tibouchina pulchra (Cham.) Cogn.",NA,"not in LFB",NA,"Melastomataceae"
"17","Tibouchina velutina (Naud.) Cogn.",NA,"Tibouchina velutina (Naud.) Cogn.",NA,"not in LFB",NA,"Melastomataceae"
"18","Tovomitopsis paniculata (Spreng.) Planch. & Triana",6890,"Tovomitopsis paniculata (Spreng.) Planch. & Triana",6890,"LFB","name ok","Clusiaceae"
"19","Trischidium molle (Benth.) H.E.Ireland",19219,"Trischidium molle (Benth.) H.E.Ireland",19219,"LFB","name ok","Fabaceae"
"20","Ziziphus cotinifolia Reiss.",NA,"Ziziphus cotinifolia Reiss.",NA,"not in LFB",NA,"Rhamnaceae"
"21","Spondias macrocarpa Engl.",4403,"Spondias macrocarpa Engl.",4403,"LFB","name ok","Anacardiaceae"
"22","Piptocarpha macropoda (DC.) Baker",5480,"Piptocarpha macropoda (DC.) Baker",5480,"LFB","name ok","Asteraceae"
"23","Piptocarpha regnellii (Sch.Bip.) Cabrera",5488,"Piptocarpha regnellii (Sch.Bip.) Cabrera",5488,"LFB","name ok","Asteraceae"
"24","Abarema cochleata (Willd.) Barneby & J.W.Grimes",82546,"Abarema cochleata (Willd.) Barneby & J.W.Grimes",82546,"LFB","name ok","Fabaceae"
"25","Acalypha villosa Jacq.",17446,"Acalypha villosa Jacq.",17446,"LFB","name ok","Euphorbiaceae"
"26","Acritopappus confertus (Gardn.) R.M.King & H.Rob.",NA,"Acritopappus confertus (Gardn.) R.M.King & H.Rob.",NA,"not in LFB",NA,"Asteraceae"
"27","Acritopappus heterolepis (Baker) R.M.King & H.Rob.",15923,"Acritopappus heterolepis (Baker) R.M.King & H.Rob.",15923,"LFB","name ok","Asteraceae"
"28","Actinostemon verticillatus Baill.",NA,"Actinostemon verticillatus Baill.",NA,"not in LFB",NA,"Euphorbiaceae"
"29","Aegiphila fluminensis Vell.",8107,"Aegiphila fluminensis Vell.",8107,"LFB","name ok","Lamiaceae"
"30","Aegiphila obducta Vell.",8116,"Aegiphila obducta Vell.",8116,"LFB","name ok","Lamiaceae"
"31","Aegiphila pernambucensis Moldenke",8117,"Aegiphila pernambucensis Moldenke",8117,"LFB","name ok","Lamiaceae"
"32","Agarista oleifolia G.Don",NA,"Agarista oleifolia G.Don",NA,"not in LFB",NA,"Ericaceae"
"33","Aiouea saligna Meisn.",8381,"Aiouea saligna Meisn.",8381,"LFB","name ok","Lauraceae"
"34","Allagoptera caudescens Kuntze",NA,"Allagoptera caudescens Kuntze",NA,"not in LFB",NA,"Arecaceae"
"35","Allophylus quercifolius Radlk.",NA,"Allophylus quercifolius Radlk.",NA,"not in LFB",NA,"Sapindaceae"
"36","Alseis floribunda Schott",13825,"Alseis floribunda Schott",13825,"LFB","name ok","Rubiaceae"
"37","Alseis pickelii Pilg. & Schmale",13827,"Alseis pickelii Pilg. & Schmale",13827,"LFB","name ok","Rubiaceae"
"38","Amanoa oblongifolia Müll.Arg.",38454,"Amanoa oblongifolia Müll.Arg.",38454,"LFB","name ok","Phyllanthaceae"
"39","Andira anthelmia (Vell.) J.F.Macbr.",NA,"Andira anthelmia (Vell.) J.F.Macbr.",NA,"not in LFB",NA,"Fabaceae"
"40","Andira cordata Arroyo ex R.T.Penn. & H.C.Lima",29440,"Andira cordata Arroyo ex R.T.Penn. & H.C.Lima",29440,"LFB","name ok","Fabaceae"
"41","Andira legalis (Vell.) Toledo",29444,"Andira legalis (Vell.) Toledo",29444,"LFB","name ok","Fabaceae"
"42","Andira nitida Mart. ex Benth.",18086,"Andira nitida Mart. ex Benth.",18086,"LFB","name ok","Fabaceae"
"43","Andira ormosioides Benth.",29445,"Andira ormosioides Benth.",29445,"LFB","name ok","Fabaceae"
"44","Angostura bracteata (Nees & Mart.) Kallunki",285,"Angostura bracteata (Nees & Mart.) Kallunki",285,"LFB","name ok","Rutaceae"
"45","Rauia nodosa (Engl.) Kallunki",950,"Rauia nodosa (Engl.) Kallunki",950,"LFB","name ok","Rutaceae"
"46","Aniba burchellii Kosterm.",23346,"Aniba burchellii Kosterm.",23346,"LFB","name ok","Lauraceae"
"47","Aniba desertorum Mez",NA,"Aniba desertorum Mez",NA,"not in LFB",NA,"Lauraceae"
"48","Aniba firmula (Nees & Mart.) Mez",8383,"Aniba firmula (Nees & Mart.) Mez",8383,"LFB","name ok","Lauraceae"
"49","Annona aurantiaca Barb.Rodr.",117065,"Annona aurantiaca Barb.Rodr.",117065,"LFB","name ok","Annonaceae"
"50","Annona neosericea H.Rainer",110256,"Annona neosericea H.Rainer",110256,"LFB","name ok","Annonaceae"
"51","Annona rugulosa (Schltdl.) H.Rainer",110261,"Annona rugulosa (Schltdl.) H.Rainer",110261,"LFB","name ok","Annonaceae"
"52","Annona salzmannii A.DC.",117269,"Annona salzmannii A.DC.",117269,"LFB","name ok","Annonaceae"
"53","Annona vepretorum Mart.",117277,"Annona vepretorum Mart.",117277,"LFB","name ok","Annonaceae"
"54","Aspidosperma discolor A.DC.",4526,"Aspidosperma discolor A.DC.",4526,"LFB","name ok","Apocynaceae"
"55","Aspidosperma multiflorum A.DC.",15548,"Aspidosperma multiflorum A.DC.",15548,"LFB","name ok","Apocynaceae"
"56","Aspidosperma pyricollum Müll.Arg.",15550,"Aspidosperma pyricollum Müll.Arg.",15550,"LFB","name ok","Apocynaceae"
"57","Astronium concinnum Schott",4383,"Astronium concinnum Schott",4383,"LFB","name ok","Anacardiaceae"
"58","Aureliana velutina Sendtn.",14587,"Aureliana velutina Sendtn.",14587,"LFB","name ok","Solanaceae"
"59","Averrhoidium gardnerianum Baill.",20880,"Averrhoidium gardnerianum Baill.",20880,"LFB","name ok","Sapindaceae"
"60","Baccharis oreophila Malme",5222,"Baccharis oreophila Malme",5222,"LFB","name ok","Asteraceae"
"61","Bactris setosa Mart.",15698,"Bactris setosa Mart.",15698,"LFB","name ok","Arecaceae"
"62","Balfourodendron molle (Miq.) Pirani",342,"Balfourodendron molle (Miq.) Pirani",342,"LFB","name ok","Rutaceae"
"63","Banara parviflora Benth.",NA,"Banara parviflora Benth.",NA,"not in LFB",NA,"Salicaceae"
"64","Barnebya harleyi W.R.Anderson & B.Gates",19415,"Barnebya harleyi W.R.Anderson & B.Gates",19415,"LFB","name ok","Malpighiaceae"
"65","Bathysa stipulata Presl",NA,"Bathysa stipulata Presl",NA,"not in LFB",NA,"Rubiaceae"
"66","Bauhinia catingae Harms",25634,"Bauhinia catingae Harms",25634,"LFB","name ok","Fabaceae"
"67","Bauhinia pulchella Benth.",82681,"Bauhinia pulchella Benth.",82681,"LFB","name ok","Fabaceae"
"68","Bellucia dichotoma Cogn.",23691,"Bellucia dichotoma Cogn.",23691,"LFB","name ok","Melastomataceae"
"69","Bellucia egensis (DC.) Penneys, Michelang., Judd & Almeda",NA,"Bellucia egensis (DC.) Penneys, Michelang., Judd & Almeda",NA,"not in LFB",NA,"Melastomataceae"
"70","Bernardia tamanduana Müll.Arg.",NA,"Bernardia tamanduana Müll.Arg.",NA,"not in LFB",NA,"Euphorbiaceae"
"71","Blanchetiodendron blanchetii (Benth.) Barneby & J.W.Grimes",18142,"Blanchetiodendron blanchetii (Benth.) Barneby & J.W.Grimes",18142,"LFB","name ok","Fabaceae"
"72","Bonnetia stricta (Nees) Nees & Mart.",32920,"Bonnetia stricta (Nees) Nees & Mart.",32920,"LFB","name ok","Bonnetiaceae"
"73","Bougainvillea glabra Choisy",10906,"Bougainvillea glabra Choisy",10906,"LFB","name ok","Nyctaginaceae"
"74","Bredemeyera hebeclada (DC.) J.F.B.Pastore",121877,"Bredemeyera hebeclada (DC.) J.F.B.Pastore",121877,"LFB","name ok","Polygalaceae"
"75","Brunfelsia clandestina Plowman",14597,"Brunfelsia clandestina Plowman",14597,"LFB","name ok","Solanaceae"
"76","Brunfelsia pauciflora Benth.",NA,"Brunfelsia pauciflora Benth.",NA,"not in LFB",NA,"Solanaceae"
"77","Byrsonima affinis W.R.Anderson",30435,"Byrsonima affinis W.R.Anderson",30435,"LFB","name ok","Malpighiaceae"
"78","Byrsonima arctostaphyloides Nied.",25703,"Byrsonima vacciniifolia A.Juss.",30459,"LFB","synonym","Malpighiaceae"
"79","Byrsonima basiloba A.Juss.",30436,"Byrsonima basiloba A.Juss.",30436,"LFB","name ok","Malpighiaceae"
"80","Byrsonima clausseniana A.Juss.",30440,"Byrsonima clausseniana A.Juss.",30440,"LFB","name ok","Malpighiaceae"
"81","Byrsonima correifolia A.Juss.",8832,"Byrsonima correifolia A.Juss.",8832,"LFB","name ok","Malpighiaceae"
"82","Byrsonima gardneriana A.Juss.",19422,"Byrsonima gardneriana A.Juss.",19422,"LFB","name ok","Malpighiaceae"
"83","Byrsonima guilleminiana A.Juss.",30446,"Byrsonima guilleminiana A.Juss.",30446,"LFB","name ok","Malpighiaceae"
"84","Byrsonima lancifolia A.Juss.",30448,"Byrsonima lancifolia A.Juss.",30448,"LFB","name ok","Malpighiaceae"
"85","Byrsonima laxiflora Griseb.",8837,"Byrsonima laxiflora Griseb.",8837,"LFB","name ok","Malpighiaceae"
"86","Byrsonima rotunda Griseb.",19427,"Byrsonima rotunda Griseb.",19427,"LFB","name ok","Malpighiaceae"
"87","Byrsonima stannardii W.R.Anderson",19428,"Byrsonima stannardii W.R.Anderson",19428,"LFB","name ok","Malpighiaceae"
"88","Byrsonima umbellata Mart. ex A.Juss.",19431,"Byrsonima umbellata Mart. ex A.Juss.",19431,"LFB","name ok","Malpighiaceae"
"89","Byrsonima vacciniifolia A.Juss.",30459,"Byrsonima vacciniifolia A.Juss.",30459,"LFB","name ok","Malpighiaceae"
"90","Calliandra asplenioides (Nees) Renvoize",18172,"Calliandra asplenioides (Nees) Renvoize",18172,"LFB","name ok","Fabaceae"
"91","Calliandra spinosa Ducke",78851,"Calliandra spinosa Ducke",78851,"LFB","name ok","Fabaceae"
"92","Callisthene microphylla Warm.",15277,"Callisthene microphylla Warm.",15277,"LFB","name ok","Vochysiaceae"
"93","Callisthene minor Mart.",15278,"Callisthene minor Mart.",15278,"LFB","name ok","Vochysiaceae"
"94","Callisthene mollissima Warm.",33312,"Callisthene mollissima Warm.",33312,"LFB","name ok","Vochysiaceae"
"95","Calycorectes acutatus (Miq.) Toledo",31473,"Eugenia acutata Miq.",10339,"LFB","synonym","Myrtaceae"
"96","Calyptranthes brasiliensis Spreng.",10273,"Calyptranthes brasiliensis Spreng.",10273,"LFB","name ok","Myrtaceae"
"97","Calyptranthes clusiifolia O.Berg",10275,"Calyptranthes clusiifolia O.Berg",10275,"LFB","name ok","Myrtaceae"
"98","Calyptranthes grammica (Spreng.) D.Legrand",10284,"Calyptranthes grammica (Spreng.) D.Legrand",10284,"LFB","name ok","Myrtaceae"
"99","Calyptranthes grandifolia O.Berg",10286,"Calyptranthes brasiliensis Spreng.",10273,"LFB","synonym","Myrtaceae"
"100","Calyptranthes lanceolata O.Berg",10288,"Calyptranthes lanceolata O.Berg",10288,"LFB","name ok","Myrtaceae"
"101","Calyptranthes strigipes O.Berg",10302,"Calyptranthes strigipes O.Berg",10302,"LFB","name ok","Myrtaceae"
"102","Calyptranthes widgreniana O.Berg",10306,"Calyptranthes widgreniana O.Berg",10306,"LFB","name ok","Myrtaceae"
"103","Campomanesia dichotoma (O.Berg) Mattos",10312,"Campomanesia dichotoma (O.Berg) Mattos",10312,"LFB","name ok","Myrtaceae"
"104","Campomanesia ilhoensis Mattos",36877,"Campomanesia ilhoensis Mattos",36877,"LFB","name ok","Myrtaceae"
"105","Campomanesia velutina (Cambessedes) Berg",NA,"Campomanesia velutina (Cambessedes) Berg",NA,"not in LFB",NA,"Myrtaceae"
"106","Capsicum caatingae Barboza & Agra",122293,"Capsicum caatingae Barboza & Agra",122293,"LFB","name ok","Solanaceae"
"107","Cariniana rubra Miers",NA,"Cariniana rubra Miers",NA,"not in LFB",NA,"Lecythidaceae"
"108","Carpotroche brasiliensis Endl.",NA,"Carpotroche brasiliensis Endl.",NA,"not in LFB",NA,"Achariaceae"
"109","Casearia commersoniana Cambess.",14366,"Casearia commersoniana Cambess.",14366,"LFB","name ok","Salicaceae"
"110","Casearia eichleriana Sleumer",14368,"Casearia eichleriana Sleumer",14368,"LFB","name ok","Salicaceae"
"111","Cassia leiandra Benth.",22863,"Cassia leiandra Benth.",22863,"LFB","name ok","Fabaceae"
"112","Cassia leptophylla Vogel",100880,"Cassia leptophylla Vogel",100880,"LFB","name ok","Fabaceae"
"113","Cecropia glaziovii Snethlage",NA,"Cecropia glaziovii Snethlage",NA,"not in LFB",NA,"Urticaceae"
"114","Cecropia hololeuca Miq.",15040,"Cecropia hololeuca Miq.",15040,"LFB","name ok","Urticaceae"
"115","Ceiba erianthos (Cav.) K.Schum.",9034,"Ceiba erianthos (Cav.) K.Schum.",9034,"LFB","name ok","Malvaceae"
"116","Cenostigma macrophyllum Tul.",82870,"Cenostigma macrophyllum Tul.",82870,"LFB","name ok","Fabaceae"
"117","Cenostigma tocantinum Ducke",78636,"Cenostigma tocantinum Ducke",78636,"LFB","name ok","Fabaceae"
"118","Cestrum bracteatum Link & Otto",14637,"Cestrum bracteatum Link & Otto",14637,"LFB","name ok","Solanaceae"
"119","Cestrum salzmannii Dunal",21144,"Cestrum salzmannii Dunal",21144,"LFB","name ok","Solanaceae"
"120","Chamaecrista bahiae (H.S.Irwin) H.S.Irwin & Barneby",82884,"Chamaecrista bahiae (H.S.Irwin) H.S.Irwin & Barneby",82884,"LFB","name ok","Fabaceae"
"121","Chamaecrista multiseta (Benth.) H.S.Irwin & Barneby",82906,"Chamaecrista multiseta (Benth.) H.S.Irwin & Barneby",82906,"LFB","name ok","Fabaceae"
"122","Chamaecrista orbiculata (Benth.) H.S.Irwin & Barneby",28021,"Chamaecrista orbiculata (Benth.) H.S.Irwin & Barneby",28021,"LFB","name ok","Fabaceae"
"123","Chamaecrista zygophylloides (Taub.) H.S.Irwin & Barneby",28103,"Chamaecrista zygophylloides (Taub.) H.S.Irwin & Barneby",28103,"LFB","name ok","Fabaceae"
"124","Chloroleucon dumosum (Benth.) G.P.Lewis",18404,"Chloroleucon dumosum (Benth.) G.P.Lewis",18404,"LFB","name ok","Fabaceae"
"125","Chomelia brasiliana A.Rich.",13863,"Chomelia brasiliana A.Rich.",13863,"LFB","name ok","Rubiaceae"
"126","Chomelia pohliana Müll.Arg.",32552,"Chomelia pohliana Müll.Arg.",32552,"LFB","name ok","Rubiaceae"
"127","Chrysophyllum rufum Mart.",14464,"Chrysophyllum rufum Mart.",14464,"LFB","name ok","Sapotaceae"
"128","Cinnamodendron dinisii Schwacke",111724,"Cinnamodendron dinisii Schwacke",111724,"LFB","name ok","Canellaceae"
"129","Cinnamomum sellowianum (Nees & Mart.) Kosterm.",8398,"Cinnamomum sellowianum (Nees & Mart.) Kosterm.",8398,"LFB","name ok","Lauraceae"
"130","Cissampelos sympodialis Eichl.",NA,"Cissampelos sympodialis Eichl.",NA,"not in LFB",NA,"Menispermaceae"
"131","Citharexylum solanaceum Cham.",15137,"Citharexylum solanaceum Cham.",15137,"LFB","name ok","Verbenaceae"
"132","Clitoria fairchildiana R.A.Howard",29540,"Clitoria fairchildiana R.A.Howard",29540,"LFB","name ok","Fabaceae"
"133","Clusia burle-marxii Bittrich",16868,"Clusia burle-marxii Bittrich",16868,"LFB","name ok","Clusiaceae"
"134","Clusia fluminensis Planch. & Triana",6834,"Clusia fluminensis Planch. & Triana",6834,"LFB","name ok","Clusiaceae"
"135","Clusia hilariana Schltdl.",6836,"Clusia hilariana Schltdl.",6836,"LFB","name ok","Clusiaceae"
"136","Clusia lanceolata Cambess.",6838,"Clusia lanceolata Cambess.",6838,"LFB","name ok","Clusiaceae"
"137","Clusia melchiorii Gleason",6839,"Clusia melchiorii Gleason",6839,"LFB","name ok","Clusiaceae"
"138","Clusia obdeltifolia Bittrich",16871,"Clusia obdeltifolia Bittrich",16871,"LFB","name ok","Clusiaceae"
"139","Clusia paralicola G.Mariz",6845,"Clusia paralicola G.Mariz",6845,"LFB","name ok","Clusiaceae"
"140","Clusia sellowiana Schltdl.",6848,"Clusia sellowiana Schltdl.",6848,"LFB","name ok","Clusiaceae"
"141","Clusia spiritu-sanctensis G.Mariz & Weinberg",NA,"Clusia spiritu-sanctensis G.Mariz & Weinberg",NA,"not in LFB",NA,"Clusiaceae"
"142","Clusia weddelliana Planch. & Triana",81832,"Clusia weddelliana Planch. & Triana",81832,"LFB","name ok","Clusiaceae"
"143","Cnidoscolus bahianus Pax & K.Hoffm.",NA,"Cnidoscolus bahianus Pax & K.Hoffm.",NA,"not in LFB",NA,"Euphorbiaceae"
"144","Cnidoscolus oligandrus (Müll.Arg.) Pax",25471,"Cnidoscolus oligandrus (Müll.Arg.) Pax",25471,"LFB","name ok","Euphorbiaceae"
"145","Cnidoscolus pubescens Pohl",17493,"Cnidoscolus pubescens Pohl",17493,"LFB","name ok","Euphorbiaceae"
"146","Cnidoscolus quercifolius Pohl",17494,"Cnidoscolus quercifolius Pohl",17494,"LFB","name ok","Euphorbiaceae"
"147","Cnidoscolus ulei (Pax) Pax",25472,"Cnidoscolus ulei (Pax) Pax",25472,"LFB","name ok","Euphorbiaceae"
"148","Coccoloba alnifolia Casar.",13696,"Coccoloba alnifolia Casar.",13696,"LFB","name ok","Polygonaceae"
"149","Coccoloba declinata Mart.",NA,"Coccoloba declinata Mart.",NA,"not in LFB",NA,"Polygonaceae"
"150","Coccoloba glaziovii Lindau",13701,"Coccoloba glaziovii Lindau",13701,"LFB","name ok","Polygonaceae"
"151","Coccoloba ramosisissima Wedd.",NA,"Coccoloba ramosisissima Wedd.",NA,"not in LFB",NA,"Polygonaceae"
"152","Coccoloba rosea Meisn.",13713,"Coccoloba rosea Meisn.",13713,"LFB","name ok","Polygonaceae"
"153","Coccoloba warmingii Meisn.",13717,"Coccoloba warmingii Meisn.",13717,"LFB","name ok","Polygonaceae"
"154","Colubrina cordifolia Reissek",20650,"Colubrina cordifolia Reissek",20650,"LFB","name ok","Rhamnaceae"
"155","Connarus suberosus Planch.",16932,"Connarus suberosus Planch.",16932,"LFB","name ok","Connaraceae"
"156","Copaifera coriacea Mart.",82964,"Copaifera coriacea Mart.",82964,"LFB","name ok","Fabaceae"
"157","Copaifera lucens Dwyer",78656,"Copaifera lucens Dwyer",78656,"LFB","name ok","Fabaceae"
"158","Copaifera luetzelburgii Harms",28112,"Copaifera luetzelburgii Harms",28112,"LFB","name ok","Fabaceae"
"159","Copaifera marginata Benth.",28114,"Copaifera marginata Benth.",28114,"LFB","name ok","Fabaceae"
"160","Copaifera martii Hayne",82966,"Copaifera martii Hayne",82966,"LFB","name ok","Fabaceae"
"161","Copaifera oblongifolia Mart.",NA,"Copaifera oblongifolia Mart.",NA,"not in LFB",NA,"Fabaceae"
"162","Copaifera trapezifolia Hayne",82976,"Copaifera trapezifolia Hayne",82976,"LFB","name ok","Fabaceae"
"163","Copernicia prunifera (Mill.) H.E.Moore",15706,"Copernicia prunifera (Mill.) H.E.Moore",15706,"LFB","name ok","Arecaceae"
"164","Cordia incognita Gottschling & J.S.Mill.",116138,"Cordia incognita Gottschling & J.S.Mill.",116138,"LFB","name ok","Boraginaceae"
"165","Cordia magnoliifolia Cham.",81279,"Cordia magnoliifolia Cham.",81279,"LFB","name ok","Boraginaceae"
"166","Cordia oncocalyx Allem",NA,"Cordia oncocalyx Allem",NA,"not in LFB",NA,"Boraginaceae"
"167","Cordia rufescens A.DC.",16526,"Cordia rufescens A.DC.",16526,"LFB","name ok","Boraginaceae"
"168","Cordia sellowiana Cham.",16528,"Cordia sellowiana Cham.",16528,"LFB","name ok","Boraginaceae"
"169","Cordia superba Cham.",16530,"Cordia superba Cham.",16530,"LFB","name ok","Boraginaceae"
"170","Cordia taguahyensis Vell.",16531,"Cordia taguahyensis Vell.",16531,"LFB","name ok","Boraginaceae"
"171","Corythophora alta R.Knuth",36636,"Corythophora alta R.Knuth",36636,"LFB","name ok","Lecythidaceae"
"172","Couepia impressa Prance",16770,"Couepia impressa Prance",16770,"LFB","name ok","Chrysobalanaceae"
"173","Coussapoa microcarpa (Schott) Rizzini",15046,"Coussapoa microcarpa (Schott) Rizzini",15046,"LFB","name ok","Urticaceae"
"174","Coussarea graciliflora (Mart.) Müll.Arg.",13901,"Coussarea graciliflora (Mart.) Müll.Arg.",13901,"LFB","name ok","Rubiaceae"
"175","Coussarea ilheotica Müll.Arg.",13903,"Coussarea ilheotica Müll.Arg.",13903,"LFB","name ok","Rubiaceae"
"176","Coussarea meridionalis Müll.Arg.",NA,"Coussarea meridionalis Müll.Arg.",NA,"not in LFB",NA,"Rubiaceae"
"177","Critoniopsis quinqueflora (Less.) H.Rob.",104548,"Critoniopsis quinqueflora (Less.) H.Rob.",104548,"LFB","name ok","Asteraceae"
"178","Croton agoensis Baill.",25475,"Croton agoensis Baill.",25475,"LFB","name ok","Euphorbiaceae"
"179","Croton blanchetianus Baill.",25478,"Croton blanchetianus Baill.",25478,"LFB","name ok","Euphorbiaceae"
"180","Croton celtidifolius Baill.",29180,"Croton celtidifolius Baill.",29180,"LFB","name ok","Euphorbiaceae"
"181","Croton macrobothrys Baill.",35862,"Croton macrobothrys Baill.",35862,"LFB","name ok","Euphorbiaceae"
"182","Cryptocarya mandioccana Meisn.",8406,"Cryptocarya mandioccana Meisn.",8406,"LFB","name ok","Lauraceae"
"183","Cryptocarya moschata Nees & Mart.",8408,"Cryptocarya moschata Nees & Mart.",8408,"LFB","name ok","Lauraceae"
"184","Cryptocarya saligna Mez",8410,"Cryptocarya saligna Mez",8410,"LFB","name ok","Lauraceae"
"185","Cupania bracteosa Radlk.",20889,"Cupania bracteosa Radlk.",20889,"LFB","name ok","Sapindaceae"
"186","Cupania diphylla Vahl",20890,"Cupania diphylla Vahl",20890,"LFB","name ok","Sapindaceae"
"187","Cupania emarginata Cambess.",20891,"Cupania emarginata Cambess.",20891,"LFB","name ok","Sapindaceae"
"188","Cupania impressinervia Acev.-Rodr.",20892,"Cupania impressinervia Acev.-Rodr.",20892,"LFB","name ok","Sapindaceae"
"189","Cupania ludowigii Somner & Ferrucci",20893,"Cupania ludowigii Somner & Ferrucci",20893,"LFB","name ok","Sapindaceae"
"190","Cupania paniculata Cambess.",20895,"Cupania paniculata Cambess.",20895,"LFB","name ok","Sapindaceae"
"191","Cupania racemosa Radlk.",NA,"Cupania racemosa Radlk.",NA,"not in LFB",NA,"Sapindaceae"
"192","Cupania rigida Radlk.",20897,"Cupania rigida Radlk.",20897,"LFB","name ok","Sapindaceae"
"193","Cupania rugosa Radlk.",20898,"Cupania rugosa Radlk.",20898,"LFB","name ok","Sapindaceae"
"194","Cybianthus detergens Mart.",19805,"Cybianthus detergens Mart.",19805,"LFB","name ok","Primulaceae"
"195","Dalbergia brasiliensis Vogel",29592,"Dalbergia brasiliensis Vogel",29592,"LFB","name ok","Fabaceae"
"196","Daphnopsis fasciculata (Meisn.) Nevling",14944,"Daphnopsis fasciculata (Meisn.) Nevling",14944,"LFB","name ok","Thymelaeaceae"
"197","Dasyphyllum spinescens (Less.) Cabrera",5303,"Dasyphyllum spinescens (Less.) Cabrera",5303,"LFB","name ok","Asteraceae"
"198","Dendropanax australis Fiaschi & Jung-Mend.",5101,"Dendropanax australis Fiaschi & Jung-Mend.",5101,"LFB","name ok","Araliaceae"
"199","Dendropanax monogynus Seem.",NA,"Dendropanax monogynus Seem.",NA,"not in LFB",NA,"Araliaceae"
"200","Diospyros gaultheriifolia Mart. ex Miq.",7435,"Diospyros gaultheriifolia Mart. ex Miq.",7435,"LFB","name ok","Ebenaceae"
"201","Diospyros sericea A.DC.",17314,"Diospyros sericea A.DC.",17314,"LFB","name ok","Ebenaceae"
"202","Diplotropis incexis Rizzini & A.Mattos",79057,"Diplotropis incexis Rizzini & A.Mattos",79057,"LFB","name ok","Fabaceae"
"203","Dipteryx lacunifera Ducke",83123,"Dipteryx lacunifera Ducke",83123,"LFB","name ok","Fabaceae"
"204","Duguetia echinophora R.E.Fr.",110309,"Duguetia echinophora R.E.Fr.",110309,"LFB","name ok","Annonaceae"
"205","Duguetia gardneriana Mart.",110314,"Duguetia gardneriana Mart.",110314,"LFB","name ok","Annonaceae"
"206","Duranta vestita Cham.",39655,"Duranta vestita Cham.",39655,"LFB","name ok","Verbenaceae"
"207","Duroia velutina Hook.f. ex K.Schum.",38772,"Duroia velutina Hook.f. ex K.Schum.",38772,"LFB","name ok","Rubiaceae"
"208","Emmotum affine Miers",8031,"Emmotum affine Miers",8031,"LFB","name ok","Metteniusaceae"
"209","Emmotum nitens Miers",NA,"Emmotum nitens Miers",NA,"not in LFB",NA,"Icacinaceae"
"210","Endopleura uchi (Huber) Cuatrec.",23295,"Endopleura uchi (Huber) Cuatrec.",23295,"LFB","name ok","Humiriaceae"
"211","Ephedranthus parviflorus S.Moore",110366,"Ephedranthus parviflorus S.Moore",110366,"LFB","name ok","Annonaceae"
"212","Eremanthus elaeagnus Sch.Bip.",NA,"Eremanthus elaeagnus Sch.Bip.",NA,"not in LFB",NA,"Asteraceae"
"213","Eremanthus erythropappus (DC.) N.F.F.MacLeish",NA,"Eremanthus erythropappus (DC.) N.F.F.MacLeish",NA,"not in LFB",NA,"Asteraceae"
"214","Eremanthus glomerulatus Less.",80635,"Eremanthus glomerulatus Less.",80635,"LFB","name ok","Asteraceae"
"215","Eremanthus goyazensis Sch.Bip.",NA,"Eremanthus goyazensis Sch.Bip.",NA,"not in LFB",NA,"Asteraceae"
"216","Eremanthus incanus (Less.) Less.",5316,"Eremanthus incanus (Less.) Less.",5316,"LFB","name ok","Asteraceae"
"217","Eriope exaltata Harley",17851,"Eriope exaltata Harley",17851,"LFB","name ok","Lamiaceae"
"218","Eriope latifolia (Benth.) Harley",NA,"Eriope latifolia (Benth.) Harley",NA,"not in LFB",NA,"Lamiaceae"
"219","Eriope salviifolia (Pohl ex Benth.) Harley",17861,"Eriope salviifolia (Pohl ex Benth.) Harley",17861,"LFB","name ok","Lamiaceae"
"220","Eriotheca candolleana (K.Schum.) A.Robyns",27557,"Eriotheca candolleana (K.Schum.) A.Robyns",27557,"LFB","name ok","Malvaceae"
"221","Eriotheca macrophylla (K.Schum.) A.Robyns",9052,"Eriotheca macrophylla (K.Schum.) A.Robyns",9052,"LFB","name ok","Malvaceae"
"222","Erythroxylum betulaceum Mart.",17416,"Erythroxylum betulaceum Mart.",17416,"LFB","name ok","Erythroxylaceae"
"223","Erythroxylum caatingae Plowman",17418,"Erythroxylum caatingae Plowman",17418,"LFB","name ok","Erythroxylaceae"
"224","Erythroxylum cuspidifolium Mart.",7695,"Erythroxylum cuspidifolium Mart.",7695,"LFB","name ok","Erythroxylaceae"
"225","Erythroxylum engleri O.E.Schulz",17420,"Erythroxylum engleri O.E.Schulz",17420,"LFB","name ok","Erythroxylaceae"
"226","Erythroxylum gonoclados (Mart.) O.E.Schulz",NA,"Erythroxylum gonoclados (Mart.) O.E.Schulz",NA,"not in LFB",NA,"Erythroxylaceae"
"227","Erythroxylum pungens O.E.Schulz",17430,"Erythroxylum pungens O.E.Schulz",17430,"LFB","name ok","Erythroxylaceae"
"228","Erythroxylum revolutum Mart.",17431,"Erythroxylum revolutum Mart.",17431,"LFB","name ok","Erythroxylaceae"
"229","Erythroxylum subrotundum A.St.-Hil.",17436,"Erythroxylum subrotundum A.St.-Hil.",17436,"LFB","name ok","Erythroxylaceae"
"230","Eschweilera amazonica R.Knuth",36647,"Eschweilera amazonica R.Knuth",36647,"LFB","name ok","Lecythidaceae"
"231","Eschweilera grandiflora (Aubl.) Sandwith",36657,"Eschweilera grandiflora (Aubl.) Sandwith",36657,"LFB","name ok","Lecythidaceae"
"232","Eschweilera nana Miers",NA,"Eschweilera nana Miers",NA,"not in LFB",NA,"Lecythidaceae"
"233","Eschweilera ovata Mart ex Miers",NA,"Eschweilera ovata Mart ex Miers",NA,"not in LFB",NA,"Lecythidaceae"
"234","Esenbeckia pumila Pohl",611,"Esenbeckia pumila Pohl",611,"LFB","name ok","Rutaceae"
"235","Eugenia astringens Cambess.",25824,"Eugenia astringens Cambess.",25824,"LFB","name ok","Myrtaceae"
"236","Eugenia brejoensis Mazine",111507,"Eugenia brejoensis Mazine",111507,"LFB","name ok","Myrtaceae"
"237","Eugenia candolleana DC.",10364,"Eugenia candolleana DC.",10364,"LFB","name ok","Myrtaceae"
"238","Eugenia complicata O.Berg",31491,"Eugenia complicata O.Berg",31491,"LFB","name ok","Myrtaceae"
"239","Eugenia dodonaeifolia Cambess.",10386,"Eugenia dodonaeifolia Cambess.",10386,"LFB","name ok","Myrtaceae"
"240","Eugenia francavilleana O.Berg",10401,"Eugenia francavilleana O.Berg",10401,"LFB","name ok","Myrtaceae"
"241","Eugenia fusca O.Berg",10402,"Eugenia fusca O.Berg",10402,"LFB","name ok","Myrtaceae"
"242","Eugenia handroana D.Legrand",10411,"Eugenia handroana D.Legrand",10411,"LFB","name ok","Myrtaceae"
"243","Eugenia hirta O.Berg",10415,"Eugenia hirta O.Berg",10415,"LFB","name ok","Myrtaceae"
"244","Eugenia itapemirimensis Cambess.",10426,"Eugenia itapemirimensis Cambess.",10426,"LFB","name ok","Myrtaceae"
"245","Eugenia kleinii D.Legrand",10429,"Eugenia kleinii D.Legrand",10429,"LFB","name ok","Myrtaceae"
"246","Eugenia langsdorffii O.Berg",31498,"Eugenia langsdorffii O.Berg",31498,"LFB","name ok","Myrtaceae"
"247","Eugenia melanogyna (D.Legrand) Sobral",10458,"Eugenia melanogyna (D.Legrand) Sobral",10458,"LFB","name ok","Myrtaceae"
"248","Eugenia mosenii (Kausel) Sobral",10464,"Eugenia mosenii (Kausel) Sobral",10464,"LFB","name ok","Myrtaceae"
"249","Eugenia multicostata D.Legrand",10465,"Eugenia multicostata D.Legrand",10465,"LFB","name ok","Myrtaceae"
"250","Eugenia neoglomerata Sobral",10470,"Eugenia neoglomerata Sobral",10470,"LFB","name ok","Myrtaceae"
"251","Eugenia neoverrucosa Sobral",10477,"Eugenia neoverrucosa Sobral",10477,"LFB","name ok","Myrtaceae"
"252","Eugenia pistaciifolia DC.",19845,"Eugenia pistaciifolia DC.",19845,"LFB","name ok","Myrtaceae"
"253","Eugenia pruniformis Cambess.",10510,"Eugenia pruniformis Cambess.",10510,"LFB","name ok","Myrtaceae"
"254","Eugenia rostrata O.Berg",10524,"Eugenia rostrata O.Berg",10524,"LFB","name ok","Myrtaceae"
"255","Eugenia selloi B.D.Jacks.",NA,"Eugenia selloi B.D.Jacks.",NA,"not in LFB",NA,"Myrtaceae"
"256","Eugenia sonderiana O.Berg",10532,"Eugenia sonderiana O.Berg",10532,"LFB","name ok","Myrtaceae"
"257","Eugenia sparsa S.Moore",36982,"Eugenia sparsa S.Moore",36982,"LFB","name ok","Myrtaceae"
"258","Eugenia splendens O.Berg",25847,"Eugenia splendens O.Berg",25847,"LFB","name ok","Myrtaceae"
"259","Eugenia stigmatosa DC.",10541,"Eugenia stigmatosa DC.",10541,"LFB","name ok","Myrtaceae"
"260","Eugenia subavenia O.Berg",10546,"Eugenia subavenia O.Berg",10546,"LFB","name ok","Myrtaceae"
"261","Eugenia sulcata Spring ex Mart.",10551,"Eugenia sulcata Spring ex Mart.",10551,"LFB","name ok","Myrtaceae"
"262","Eugenia ternatifolia Cambess.",10555,"Eugenia ternatifolia Cambess.",10555,"LFB","name ok","Myrtaceae"
"263","Eugenia verticillata (Vell.) Angely",36996,"Eugenia verticillata (Vell.) Angely",36996,"LFB","name ok","Myrtaceae"
"264","Eugenia vetula DC.",19849,"Eugenia vetula DC.",19849,"LFB","name ok","Myrtaceae"
"265","Exellodendron cordatum (Hook.f.) Prance",16786,"Exellodendron cordatum (Hook.f.) Prance",16786,"LFB","name ok","Chrysobalanaceae"
"266","Faramea bracteata Benth.",32591,"Faramea bracteata Benth.",32591,"LFB","name ok","Rubiaceae"
"267","Faramea nigrescens Mart.",13977,"Faramea nigrescens Mart.",13977,"LFB","name ok","Rubiaceae"
"268","Faramea stipulacea DC.",NA,"Faramea stipulacea DC.",NA,"not in LFB",NA,"Rubiaceae"
"269","Ficus bahiensis C.C.Berg & Carauta",10139,"Ficus bahiensis C.C.Berg & Carauta",10139,"LFB","name ok","Moraceae"
"270","Ficus cestrifolia Schott ex Spreng.",10140,"Ficus cestrifolia Schott ex Spreng.",10140,"LFB","name ok","Moraceae"
"271","Ficus enormis (Mart. ex Miq.) Mart.",NA,"Ficus enormis (Mart. ex Miq.) Mart.",NA,"not in LFB",NA,"Moraceae"
"272","Fraunhofera multiflora Mart.",16745,"Fraunhofera multiflora Mart.",16745,"LFB","name ok","Celastraceae"
"273","Galipea jasminiflora Engl.",NA,"Galipea jasminiflora Engl.",NA,"not in LFB",NA,"Rutaceae"
"274","Gallesia integrifolia (Spreng.) Harms",12578,"Gallesia integrifolia (Spreng.) Harms",12578,"LFB","name ok","Phytolaccaceae"
"275","Garcinia brasiliensis Mart.",6851,"Garcinia brasiliensis Mart.",6851,"LFB","name ok","Clusiaceae"
"276","Gaultheria eriophylla (Pers.) Mart.",NA,"Gaultheria eriophylla (Pers.) Mart.",NA,"not in LFB",NA,"Ericaceae"
"277","Gaylussacia brasiliensis Meisn.",NA,"Gaylussacia brasiliensis Meisn.",NA,"not in LFB",NA,"Ericaceae"
"278","Geonoma elegans Mart.",44301,"Geonoma elegans Mart.",44301,"LFB","name ok","Arecaceae"
"279","Guapira graciliflora (Mart. ex Schmidt) Lundell",19906,"Guapira graciliflora (Mart. ex Schmidt) Lundell",19906,"LFB","name ok","Nyctaginaceae"
"280","Guapira noxia (Netto) Lundell",19908,"Guapira noxia (Netto) Lundell",19908,"LFB","name ok","Nyctaginaceae"
"281","Guapira tomentosa (Casar.) Lundell",10915,"Guapira tomentosa (Casar.) Lundell",10915,"LFB","name ok","Nyctaginaceae"
"282","Guapira venosa (Choisy) Lundell",10916,"Guapira venosa (Choisy) Lundell",10916,"LFB","name ok","Nyctaginaceae"
"283","Guatteria macropus Mart.",110419,"Guatteria macropus Mart.",110419,"LFB","name ok","Annonaceae"
"284","Guatteria oligocarpa Mart.",110430,"Guatteria oligocarpa Mart.",110430,"LFB","name ok","Annonaceae"
"285","Guatteria pogonopus Mart.",110437,"Guatteria pogonopus Mart.",110437,"LFB","name ok","Annonaceae"
"286","Guatteria scytophylla Diels",110452,"Guatteria scytophylla Diels",110452,"LFB","name ok","Annonaceae"
"287","Guettarda angelica Mart. ex Müll.Arg.",20749,"Guettarda angelica Mart. ex Müll.Arg.",20749,"LFB","name ok","Rubiaceae"
"288","Guettarda platypoda DC.",14055,"Guettarda platypoda DC.",14055,"LFB","name ok","Rubiaceae"
"289","Handroanthus umbellatus (Sond.) Mattos",114098,"Handroanthus umbellatus (Sond.) Mattos",114098,"LFB","name ok","Bignoniaceae"
"290","Heisteria perianthomega (Vell.) Sleumer",10963,"Heisteria perianthomega (Vell.) Sleumer",10963,"LFB","name ok","Olacaceae"
"291","Heisteria silvianii Schwacke",10964,"Heisteria silvianii Schwacke",10964,"LFB","name ok","Olacaceae"
"292","Himatanthus bracteatus (A.DC.) Woodson",NA,"Himatanthus bracteatus (A.DC.) Woodson",NA,"not in LFB",NA,"Apocynaceae"
"293","Himatanthus drasticus (Mart.) Plumel",4621,"Himatanthus drasticus (Mart.) Plumel",4621,"LFB","name ok","Apocynaceae"
"294","Hirtella hebeclada Moric.",NA,"Hirtella hebeclada Moric.",NA,"not in LFB",NA,"Chrysobalanaceae"
"295","Hirtella hispidula Miq.",22448,"Hirtella hispidula Miq.",22448,"LFB","name ok","Chrysobalanaceae"
"296","Hirtella martiana Hook.f.",16802,"Hirtella martiana Hook.f.",16802,"LFB","name ok","Chrysobalanaceae"
"297","Hirtella sprucei Benth. ex Hook.f.",16809,"Hirtella sprucei Benth. ex Hook.f.",16809,"LFB","name ok","Chrysobalanaceae"
"298","Hornschuchia bryotrophe Nees",110467,"Hornschuchia bryotrophe Nees",110467,"LFB","name ok","Annonaceae"
"299","Huberia ovalifolia DC.",9486,"Huberia ovalifolia DC.",9486,"LFB","name ok","Melastomataceae"
"300","Humiriastrum dentatum (Casar.) Cuatrec.",7977,"Humiriastrum dentatum (Casar.) Cuatrec.",7977,"LFB","name ok","Humiriaceae"
"301","Hydrogaster trinervis Kuhlm.",9086,"Hydrogaster trinervis Kuhlm.",9086,"LFB","name ok","Malvaceae"
"302","Hymenaea eriogyne Benth.",28134,"Hymenaea eriogyne Benth.",28134,"LFB","name ok","Fabaceae"
"303","Hymenaea rubriflora Ducke",78713,"Hymenaea rubriflora Ducke",78713,"LFB","name ok","Fabaceae"
"304","Hymenaea velutina Ducke",78717,"Hymenaea velutina Ducke",78717,"LFB","name ok","Fabaceae"
"305","Ilex conocarpa Reissek",4888,"Ilex conocarpa Reissek",4888,"LFB","name ok","Aquifoliaceae"
"306","Ilex integerrima Reissek",NA,"Ilex integerrima Reissek",NA,"not in LFB",NA,"Aquifoliaceae"
"307","Ilex microdonta Reissek",4900,"Ilex microdonta Reissek",4900,"LFB","name ok","Aquifoliaceae"
"308","Ilex psammophila Mart. ex Reissek",4905,"Ilex psammophila Mart. ex Reissek",4905,"LFB","name ok","Aquifoliaceae"
"309","Ilex pseudobuxus Reissek",4906,"Ilex pseudobuxus Reissek",4906,"LFB","name ok","Aquifoliaceae"
"310","Ilex taubertiana Loes.",4909,"Ilex taubertiana Loes.",4909,"LFB","name ok","Aquifoliaceae"
"311","Inga barbata Benth.",22985,"Inga barbata Benth.",22985,"LFB","name ok","Fabaceae"
"312","Inga sessilis Mart.",NA,"Inga sessilis Mart.",NA,"not in LFB",NA,"Fabaceae"
"313","Inga subnuda Salzm. ex Benth.",18671,"Inga subnuda Salzm. ex Benth.",18671,"LFB","name ok","Fabaceae"
"314","Inga tenuis Mart.",NA,"Inga tenuis Mart.",NA,"not in LFB",NA,"Fabaceae"
"315","Inga vulpina Mart. ex Benth.",18683,"Inga vulpina Mart. ex Benth.",18683,"LFB","name ok","Fabaceae"
"316","Ixora gardneriana Benth.",14080,"Ixora gardneriana Benth.",14080,"LFB","name ok","Rubiaceae"
"317","Jacaranda brasiliana Pers.",NA,"Jacaranda brasiliana Pers.",NA,"not in LFB",NA,"Bignoniaceae"
"318","Jacaranda caroba DC.",NA,"Jacaranda caroba DC.",NA,"not in LFB",NA,"Bignoniaceae"
"319","Jacaranda jasminoides (Thunb.) Sandwith",114147,"Jacaranda jasminoides (Thunb.) Sandwith",114147,"LFB","name ok","Bignoniaceae"
"320","Jacaranda obovata Cham.",114163,"Jacaranda obovata Cham.",114163,"LFB","name ok","Bignoniaceae"
"321","Kielmeyera albopunctata Saddi",6856,"Kielmeyera albopunctata Saddi",6856,"LFB","name ok","Calophyllaceae"
"322","Kielmeyera lathrophyton Saddi",6869,"Kielmeyera lathrophyton Saddi",6869,"LFB","name ok","Calophyllaceae"
"323","Kielmeyera membranacea Casar.",6871,"Kielmeyera membranacea Casar.",6871,"LFB","name ok","Calophyllaceae"
"324","Kielmeyera neglecta Saddi",6872,"Kielmeyera neglecta Saddi",6872,"LFB","name ok","Calophyllaceae"
"325","Kielmeyera petiolaris Mart. & Zucc.",16877,"Kielmeyera petiolaris Mart. & Zucc.",16877,"LFB","name ok","Calophyllaceae"
"326","Kielmeyera speciosa A.St.-Hil.",28326,"Kielmeyera speciosa A.St.-Hil.",28326,"LFB","name ok","Calophyllaceae"
"327","Lacistema pubescens Mart.",17846,"Lacistema pubescens Mart.",17846,"LFB","name ok","Lacistemataceae"
"328","Laetia corymbulosa Spruce ex Benth.",87658,"Laetia corymbulosa Spruce ex Benth.",87658,"LFB","name ok","Salicaceae"
"329","Lamanonia ternata Vell.",7124,"Lamanonia ternata Vell.",7124,"LFB","name ok","Cunoniaceae"
"330","Leandra acutiflora Cogn.",NA,"Leandra acutiflora Cogn.",NA,"not in LFB",NA,"Melastomataceae"
"331","Leandra amplexicaulis DC.",9500,"Leandra amplexicaulis DC.",9500,"LFB","name ok","Melastomataceae"
"332","Leandra barbinervis Cogn.",NA,"Leandra barbinervis Cogn.",NA,"not in LFB",NA,"Melastomataceae"
"333","Leandra clidemioides (Naudin) Wurdack",9519,"Leandra clidemioides (Naudin) Wurdack",9519,"LFB","name ok","Melastomataceae"
"334","Leandra fragilis Cogn.",9542,"Leandra melastomoides Raddi",9572,"LFB","synonym","Melastomataceae"
"335","Leandra purpureovillosa Hoehne",9599,"Leandra purpureovillosa Hoehne",9599,"LFB","name ok","Melastomataceae"
"336","Leandra quinquedentata Cogn.",NA,"Leandra quinquedentata Cogn.",NA,"not in LFB",NA,"Melastomataceae"
"337","Leandra variabilis Raddi",9638,"Leandra variabilis Raddi",9638,"LFB","name ok","Melastomataceae"
"338","Leretia cordata Vell.",8034,"Leretia cordata Vell.",8034,"LFB","name ok","Icacinaceae"
"339","Leucochloron incuriale (Vell.) Barneby & J.W.Grimes",31038,"Leucochloron incuriale (Vell.) Barneby & J.W.Grimes",31038,"LFB","name ok","Fabaceae"
"340","Libidibia ferrea (Mart. ex Tul.) L.P.Queiroz",109828,"Libidibia ferrea (Mart. ex Tul.) L.P.Queiroz",109828,"LFB","name ok","Fabaceae"
"341","Licania dealbata Hook.f.",16823,"Licania dealbata Hook.f.",16823,"LFB","name ok","Chrysobalanaceae"
"342","Licania kunthiana Hook.f.",16832,"Licania kunthiana Hook.f.",16832,"LFB","name ok","Chrysobalanaceae"
"343","Licania littoralis Warm.",16837,"Licania littoralis Warm.",16837,"LFB","name ok","Chrysobalanaceae"
"344","Licania tomentosa Fritsch",NA,"Licania tomentosa Fritsch",NA,"not in LFB",NA,"Chrysobalanaceae"
"345","Licaria bahiana H.Kurz",NA,"Licaria bahiana H.Kurz",NA,"not in LFB",NA,"Lauraceae"
"346","Lindackeria latifolia Benth.",78300,"Lindackeria latifolia Benth.",78300,"LFB","name ok","Achariaceae"
"347","Luehea ochrophylla Mart.",9096,"Luehea ochrophylla Mart.",9096,"LFB","name ok","Malvaceae"
"348","Luetzelburgia auriculata (Allemão) Ducke",29740,"Luetzelburgia auriculata (Allemão) Ducke",29740,"LFB","name ok","Fabaceae"
"349","Luetzelburgia bahiensis Yakovlev",18701,"Luetzelburgia bahiensis Yakovlev",18701,"LFB","name ok","Fabaceae"
"350","Lychnophora salicifolia Mart.",16181,"Lychnophora salicifolia Mart.",16181,"LFB","name ok","Asteraceae"
"351","Machaerium cantarellianum Hoehne",101136,"Machaerium cantarellianum Hoehne",101136,"LFB","name ok","Fabaceae"
"352","Machaerium punctatum Pers.",NA,"Machaerium punctatum Pers.",NA,"not in LFB",NA,"Fabaceae"
"353","Machaerium salzmannii Benth.",18735,"Machaerium salzmannii Benth.",18735,"LFB","name ok","Fabaceae"
"354","Macrolobium campestre Huber",23069,"Macrolobium campestre Huber",23069,"LFB","name ok","Fabaceae"
"355","Macropeplus ligustrinus Perkins",NA,"Macropeplus ligustrinus Perkins",NA,"not in LFB",NA,"Monimiaceae"
"356","Macrosamanea duckei (Huber) Barneby & J.W.Grimes",83379,"Macrosamanea duckei (Huber) Barneby & J.W.Grimes",83379,"LFB","name ok","Fabaceae"
"357","Macrothumia kuhlmannii (Sleumer) M.H.Alford",14388,"Macrothumia kuhlmannii (Sleumer) M.H.Alford",14388,"LFB","name ok","Salicaceae"
"358","Manihot epruinosa Pax & K.Hoffm.",17599,"Manihot carthagenensis (Jacq.) Müll.Arg.",29288,"LFB","synonym","Euphorbiaceae"
"359","Manihot pilosa Pohl",29312,"Manihot pilosa Pohl",29312,"LFB","name ok","Euphorbiaceae"
"360","Manilkara salzmannii (A.DC.) H.J.Lam",14482,"Manilkara salzmannii (A.DC.) H.J.Lam",14482,"LFB","name ok","Sapotaceae"
"361","Manilkara triflora (Allem.) Monach.",NA,"Manilkara triflora (Allem.) Monach.",NA,"not in LFB",NA,"Sapotaceae"
"362","Margaritopsis cymuligera (Müll.Arg.) C.M.Taylor",14113,"Margaritopsis cymuligera (Müll.Arg.) C.M.Taylor",14113,"LFB","name ok","Rubiaceae"
"363","Marlierea clausseniana Kiaersk.",NA,"Marlierea clausseniana Kiaersk.",NA,"not in LFB",NA,"Myrtaceae"
"364","Matayba discolor Radlk.",NA,"Matayba discolor Radlk.",NA,"not in LFB",NA,"Sapindaceae"
"365","Matayba heterophylla Radlk.",NA,"Matayba heterophylla Radlk.",NA,"not in LFB",NA,"Sapindaceae"
"366","Matayba intermedia Radlk.",103420,"Matayba intermedia Radlk.",103420,"LFB","name ok","Sapindaceae"
"367","Matayba juglandifolia Radlk.",NA,"Matayba juglandifolia Radlk.",NA,"not in LFB",NA,"Sapindaceae"
"368","Matayba marginata Radlk.",32721,"Matayba marginata Radlk.",32721,"LFB","name ok","Sapindaceae"
"369","Maytenus catingarum Reiss.",NA,"Maytenus catingarum Reiss.",NA,"not in LFB",NA,"Celastraceae"
"370","Maytenus distichophylla Mart. ex Reiss.",NA,"Maytenus distichophylla Mart. ex Reiss.",NA,"not in LFB",NA,"Celastraceae"
"371","Maytenus gonoclada Mart.",6761,"Maytenus gonoclada Mart.",6761,"LFB","name ok","Celastraceae"
"372","Maytenus obtusifolia Mart.",6766,"Maytenus obtusifolia Mart.",6766,"LFB","name ok","Celastraceae"
"373","Maytenus rigida Mart.",16752,"Monteverdia rigida (Mart.) Biral",604679,"LFB","synonym","Celastraceae"
"374","Maytenus salicifolia Reiss.",NA,"Maytenus salicifolia Reiss.",NA,"not in LFB",NA,"Celastraceae"
"375","Maytenus schumanniana Loes.",6771,"Monteverdia schummaniana (Loes.) Biral",604626,"LFB","synonym","Celastraceae"
"376","Meliosma sellowii Urban",NA,"Meliosma sellowii Urban",NA,"not in LFB",NA,"Sabiaceae"
"377","Metrodorea nigra A. St.-Hil.",NA,"Metrodorea nigra A. St.-Hil.",NA,"not in LFB",NA,"Rutaceae"
"378","Metrodorea stipularis Mart.",823,"Metrodorea stipularis Mart.",823,"LFB","name ok","Rutaceae"
"379","Metternichia princeps Mikan",NA,"Metternichia princeps Mikan",NA,"not in LFB",NA,"Solanaceae"
"380","Miconia buddlejoides Triana",NA,"Miconia buddlejoides Triana",NA,"not in LFB",NA,"Melastomataceae"
"381","Miconia burchellii Triana",30713,"Miconia burchellii Triana",30713,"LFB","name ok","Melastomataceae"
"382","Miconia cabucu Hoehne",9678,"Miconia cabucu Hoehne",9678,"LFB","name ok","Melastomataceae"
"383","Miconia caudigera DC.",9681,"Miconia caudigera DC.",9681,"LFB","name ok","Melastomataceae"
"384","Miconia chartacea Triana",9684,"Miconia chartacea Triana",9684,"LFB","name ok","Melastomataceae"
"385","Miconia cinnamomifolia (DC.) Naud.",NA,"Miconia cinnamomifolia (DC.) Naud.",NA,"not in LFB",NA,"Melastomataceae"
"386","Miconia corallina Spring",30717,"Miconia corallina Spring",30717,"LFB","name ok","Melastomataceae"
"387","Miconia cubatanensis Hoehne",9691,"Miconia cubatanensis Hoehne",9691,"LFB","name ok","Melastomataceae"
"388","Miconia discolor DC.",9696,"Miconia discolor DC.",9696,"LFB","name ok","Melastomataceae"
"389","Miconia elegans Cogn.",9702,"Miconia elegans Cogn.",9702,"LFB","name ok","Melastomataceae"
"390","Miconia flammea Casar.",9704,"Miconia flammea Casar.",9704,"LFB","name ok","Melastomataceae"
"391","Miconia hirtella Cogn.",9710,"Miconia hirtella Cogn.",9710,"LFB","name ok","Melastomataceae"
"392","Miconia hyemalis A. St.-Hil. & Naud. ex Naud.",NA,"Miconia hyemalis A. St.-Hil. & Naud. ex Naud.",NA,"not in LFB",NA,"Melastomataceae"
"393","Miconia inconspicua Miq.",9716,"Miconia inconspicua Miq.",9716,"LFB","name ok","Melastomataceae"
"394","Miconia jucunda (DC.) Triana",9717,"Miconia jucunda (DC.) Triana",9717,"LFB","name ok","Melastomataceae"
"395","Miconia latecrenata (DC.) Naud.",NA,"Miconia latecrenata (DC.) Naud.",NA,"not in LFB",NA,"Melastomataceae"
"396","Miconia ligustroides (DC.) Naud.",NA,"Miconia ligustroides (DC.) Naud.",NA,"not in LFB",NA,"Melastomataceae"
"397","Miconia lymanii Wurdack",9729,"Miconia lymanii Wurdack",9729,"LFB","name ok","Melastomataceae"
"398","Miconia nervosa (Sm.) Triana",9737,"Miconia nervosa (Sm.) Triana",9737,"LFB","name ok","Melastomataceae"
"399","Miconia paniculata (DC.) Naud.",NA,"Miconia paniculata (DC.) Naud.",NA,"not in LFB",NA,"Melastomataceae"
"400","Miconia pepericarpa DC.",19671,"Miconia pepericarpa DC.",19671,"LFB","name ok","Melastomataceae"
"401","Miconia racemifera (DC.) Triana",9757,"Miconia racemifera (DC.) Triana",9757,"LFB","name ok","Melastomataceae"
"402","Miconia sclerophylla Triana",19673,"Miconia sclerophylla Triana",19673,"LFB","name ok","Melastomataceae"
"403","Miconia sellowiana Naud.",NA,"Miconia sellowiana Naud.",NA,"not in LFB",NA,"Melastomataceae"
"404","Miconia valtheri Naud.",NA,"Miconia valtheri Naud.",NA,"not in LFB",NA,"Melastomataceae"
"405","Mimosa gemmulata Barneby",18800,"Mimosa gemmulata Barneby",18800,"LFB","name ok","Fabaceae"
"406","Mimosa ophthalmocentra Benth.",NA,"Mimosa ophthalmocentra Benth.",NA,"not in LFB",NA,"Fabaceae"
"407","Moldenhawera blanchetiana Tul.",28149,"Moldenhawera blanchetiana Tul.",28149,"LFB","name ok","Fabaceae"
"408","Mollinedia triflora (Spreng.) Tul.",10104,"Mollinedia triflora (Spreng.) Tul.",10104,"LFB","name ok","Monimiaceae"
"409","Mollinedia clavigera Tul.",10077,"Mollinedia clavigera Tul.",10077,"LFB","name ok","Monimiaceae"
"410","Mollinedia elegans Tul.",10081,"Mollinedia elegans Tul.",10081,"LFB","name ok","Monimiaceae"
"411","Mollinedia oligantha Perkins",10097,"Mollinedia oligantha Perkins",10097,"LFB","name ok","Monimiaceae"
"412","Mollinedia schottiana (Spreng.) Perkins",10101,"Mollinedia schottiana (Spreng.) Perkins",10101,"LFB","name ok","Monimiaceae"
"413","Mollinedia uleana Perkins",10105,"Mollinedia uleana Perkins",10105,"LFB","name ok","Monimiaceae"
"414","Mollinedia widgrenii A. DC.",NA,"Mollinedia widgrenii A. DC.",NA,"not in LFB",NA,"Monimiaceae"
"415","Mouriri elliptica Mart.",19705,"Mouriri elliptica Mart.",19705,"LFB","name ok","Melastomataceae"
"416","Mouriri sagotiana Triana",9824,"Mouriri sagotiana Triana",9824,"LFB","name ok","Melastomataceae"
"417","Myrceugenia ovalifolia (O.Berg) Landrum",10650,"Myrceugenia ovalifolia (O.Berg) Landrum",10650,"LFB","name ok","Myrtaceae"
"418","Myrcia aethusa (O.Berg) N.Silveira",37035,"Myrcia aethusa (O.Berg) N.Silveira",37035,"LFB","name ok","Myrtaceae"
"419","Myrcia albotomentosa DC.",37037,"Myrcia albotomentosa DC.",37037,"LFB","name ok","Myrtaceae"
"420","Myrcia anacardiifolia Gardner",10664,"Myrcia anacardiifolia Gardner",10664,"LFB","name ok","Myrtaceae"
"421","Myrcia bergiana O.Berg",10669,"Myrcia bergiana O.Berg",10669,"LFB","name ok","Myrtaceae"
"422","Myrcia brasiliensis Kiaersk.",10672,"Myrcia brasiliensis Kiaersk.",10672,"LFB","name ok","Myrtaceae"
"423","Myrcia eriocalyx DC.",10684,"Myrcia eriocalyx DC.",10684,"LFB","name ok","Myrtaceae"
"424","Myrcia eximia DC.",19868,"Myrcia eximia DC.",19868,"LFB","name ok","Myrtaceae"
"425","Myrcia glabra (O.Berg) D.Legrand",10694,"Myrcia glabra (O.Berg) D.Legrand",10694,"LFB","name ok","Myrtaceae"
"426","Myrcia hatschbachii D.Legrand",10701,"Myrcia hatschbachii D.Legrand",10701,"LFB","name ok","Myrtaceae"
"427","Myrcia hebepetala DC.",10702,"Myrcia hebepetala DC.",10702,"LFB","name ok","Myrtaceae"
"428","Myrcia linearifolia Cambess.",31593,"Myrcia linearifolia Cambess.",31593,"LFB","name ok","Myrtaceae"
"429","Myrcia littoralis DC.",10720,"Myrcia littoralis DC.",10720,"LFB","name ok","Myrtaceae"
"430","Myrcia mischophylla Kiaersk.",10727,"Myrcia mischophylla Kiaersk.",10727,"LFB","name ok","Myrtaceae"
"431","Myrcia montana Cambess.",10728,"Myrcia montana Cambess.",10728,"LFB","name ok","Myrtaceae"
"432","Myrcia mutabilis (O.Berg) N.Silveira",10731,"Myrcia mutabilis (O.Berg) N.Silveira",10731,"LFB","name ok","Myrtaceae"
"433","Myrcia oligantha O.Berg",10734,"Myrcia oligantha O.Berg",10734,"LFB","name ok","Myrtaceae"
"434","Myrcia pubescens DC.",10741,"Myrcia pubescens DC.",10741,"LFB","name ok","Myrtaceae"
"435","Myrcia pubiflora DC.",10742,"Myrcia pubiflora DC.",10742,"LFB","name ok","Myrtaceae"
"436","Myrcia racemosa (O.Berg) Kiaersk.",10745,"Myrcia racemosa (O.Berg) Kiaersk.",10745,"LFB","name ok","Myrtaceae"
"437","Myrcia retorta Cambess.",10748,"Myrcia retorta Cambess.",10748,"LFB","name ok","Myrtaceae"
"438","Myrcia rufipes DC.",10753,"Myrcia rufipes DC.",10753,"LFB","name ok","Myrtaceae"
"439","Myrcia salzmannii O.Berg",10755,"Myrcia salzmannii O.Berg",10755,"LFB","name ok","Myrtaceae"
"440","Myrcia spectabilis DC.",10758,"Myrcia spectabilis DC.",10758,"LFB","name ok","Myrtaceae"
"441","Myrcia springiana (O.Berg) Kiaersk.",10761,"Myrcia springiana (O.Berg) Kiaersk.",10761,"LFB","name ok","Myrtaceae"
"442","Myrcia subcordata DC.",10765,"Myrcia subcordata DC.",10765,"LFB","name ok","Myrtaceae"
"443","Myrcia tenuivenosa Kiaersk.",10769,"Myrcia tenuivenosa Kiaersk.",10769,"LFB","name ok","Myrtaceae"
"444","Myrcia vestita DC.",25870,"Myrcia vestita DC.",25870,"LFB","name ok","Myrtaceae"
"445","Myrcia vittoriana Kiaersk.",10779,"Myrcia vittoriana Kiaersk.",10779,"LFB","name ok","Myrtaceae"
"446","Myrciaria glanduliflora (Kiaersk.) Mattos & D.Legrand",10793,"Myrciaria glanduliflora (Kiaersk.) Mattos & D.Legrand",10793,"LFB","name ok","Myrtaceae"
"447","Myrciaria glazioviana (Kiaersk.) G.M.Barroso ex Sobral",10794,"Myrciaria glazioviana (Kiaersk.) G.M.Barroso ex Sobral",10794,"LFB","name ok","Myrtaceae"
"448","Myrocarpus fastigiatus Allemão",83492,"Myrocarpus fastigiatus Allemão",83492,"LFB","name ok","Fabaceae"
"449","Myrsine hermogenesii (Jung-Mend. & Bernacci) M.F.Freitas & Kin.-Gouv.",101411,"Myrsine hermogenesii (Jung-Mend. & Bernacci) M.F.Freitas & Kin.-Gouv.",101411,"LFB","name ok","Primulaceae"
"450","Myrsine lineata (Mez) N.N. Imkhanitskaya",NA,"Myrsine lineata (Mez) N.N. Imkhanitskaya",NA,"not in LFB",NA,"Primulaceae"
"451","Myrsine venosa A. DC.",NA,"Myrsine venosa A. DC.",NA,"not in LFB",NA,"Primulaceae"
"452","Nectandra gardneri Meisn.",30201,"Nectandra gardneri Meisn.",30201,"LFB","name ok","Lauraceae"
"453","Nectandra nitidula Nees & Mart. ex Nees",NA,"Nectandra nitidula Nees & Mart. ex Nees",NA,"not in LFB",NA,"Lauraceae"
"454","Nectandra puberula (Schott) Nees",8436,"Nectandra puberula (Schott) Nees",8436,"LFB","name ok","Lauraceae"
"455","Neoraputia alba (Nees & Mart.) Emmerich ex Kallunki",847,"Neoraputia alba (Nees & Mart.) Emmerich ex Kallunki",847,"LFB","name ok","Rutaceae"
"456","Ocotea brachybotra (Meisn.) Mez",NA,"Ocotea brachybotra (Meisn.) Mez",NA,"not in LFB",NA,"Lauraceae"
"457","Ocotea complicata (Meisn.) Mez",8452,"Ocotea fasciculata (Nees) Mez",84363,"LFB","synonym","Lauraceae"
"458","Ocotea dispersa (Nees & Mart. ex Nees) Mez",NA,"Ocotea dispersa (Nees & Mart. ex Nees) Mez",NA,"not in LFB",NA,"Lauraceae"
"459","Ocotea divaricata (Poir.) Mez",NA,"Ocotea divaricata (Poir.) Mez",NA,"not in LFB",NA,"Lauraceae"
"460","Ocotea elegans Mez",8457,"Ocotea indecora (Schott) Mez",8463,"LFB","synonym","Lauraceae"
"461","Ocotea glauca (Nees & Mart.) Mez",8460,"Ocotea glauca (Nees & Mart.) Mez",8460,"LFB","name ok","Lauraceae"
"462","Ocotea glaziovii Mez",8461,"Ocotea glaziovii Mez",8461,"LFB","name ok","Lauraceae"
"463","Ocotea indecora (Schott) Mez",8463,"Ocotea indecora (Schott) Mez",8463,"LFB","name ok","Lauraceae"
"464","Ocotea lanata (Nees & Mart.) Mez",8465,"Ocotea lanata (Nees & Mart.) Mez",8465,"LFB","name ok","Lauraceae"
"465","Ocotea nitida (Meisn.) J.G. Rohwer",NA,"Ocotea nitida (Meisn.) J.G. Rohwer",NA,"not in LFB",NA,"Lauraceae"
"466","Ocotea notata (Nees) Mez",NA,"Ocotea notata (Nees) Mez",NA,"not in LFB",NA,"Lauraceae"
"467","Ocotea nutans (Nees) Mez",8475,"Ocotea nutans (Nees) Mez",8475,"LFB","name ok","Lauraceae"
"468","Ocotea velutina (Nees) J.G. Rohwer",NA,"Ocotea velutina (Nees) J.G. Rohwer",NA,"not in LFB",NA,"Lauraceae"
"469","Ocotea xanthocalyx (Nees) Mez",17958,"Ocotea xanthocalyx (Nees) Mez",17958,"LFB","name ok","Lauraceae"
"470","Ormosia arborea (Vell.) Harms",29802,"Ormosia arborea (Vell.) Harms",29802,"LFB","name ok","Fabaceae"
"471","Ormosia paraensis Ducke",79124,"Ormosia paraensis Ducke",79124,"LFB","name ok","Fabaceae"
"472","Ossaea angustifolia (DC.) Triana",9830,"Ossaea angustifolia (DC.) Triana",9830,"LFB","name ok","Melastomataceae"
"473","Ouratea crassa Van Tiegh.",NA,"Ouratea crassa Van Tiegh.",NA,"not in LFB",NA,"Ochnaceae"
"474","Ouratea fieldingiana (Gardn.) Engl.",NA,"Ouratea fieldingiana (Gardn.) Engl.",NA,"not in LFB",NA,"Ochnaceae"
"475","Ouratea glaucescens (A. St.-Hil.) Engl.",NA,"Ouratea glaucescens (A. St.-Hil.) Engl.",NA,"not in LFB",NA,"Ochnaceae"
"476","Ouratea ovalis (Pohl) Engl.",31715,"Ouratea ovalis (Pohl) Engl.",31715,"LFB","name ok","Ochnaceae"
"477","Ouratea parviflora (DC.) Engl.",NA,"Ouratea parviflora (DC.) Engl.",NA,"not in LFB",NA,"Ochnaceae"
"478","Ouratea salicifolia (A. St.-Hil. & Tul.) Engl.",NA,"Ouratea salicifolia (A. St.-Hil. & Tul.) Engl.",NA,"not in LFB",NA,"Ochnaceae"
"479","Ouratea semiserrata (Mart. & Nees) Engl.",19938,"Ouratea semiserrata (Mart. & Nees) Engl.",19938,"LFB","name ok","Ochnaceae"
"480","Ouratea vaccinioides (A. St.-Hil. & Tul.) Engl.",NA,"Ouratea vaccinioides (A. St.-Hil. & Tul.) Engl.",NA,"not in LFB",NA,"Ochnaceae"
"481","Palicourea blanchetiana Schltdl.",14135,"Palicourea blanchetiana Schltdl.",14135,"LFB","name ok","Rubiaceae"
"482","Parapiptadenia pterosperma (Benth.) Brenan",18919,"Parapiptadenia pterosperma (Benth.) Brenan",18919,"LFB","name ok","Fabaceae"
"483","Parkia platycephala Benth.",83548,"Parkia platycephala Benth.",83548,"LFB","name ok","Fabaceae"
"484","Pausandra macropetala Ducke",36185,"Pausandra macropetala Ducke",36185,"LFB","name ok","Euphorbiaceae"
"485","Pausandra morisiana (Casar.) Radlk.",17627,"Pausandra morisiana (Casar.) Radlk.",17627,"LFB","name ok","Euphorbiaceae"
"486","Pausandra trianae (Müll.Arg.) Baill.",22732,"Pausandra trianae (Müll.Arg.) Baill.",22732,"LFB","name ok","Euphorbiaceae"
"487","Paypayrola blanchetiana Tul.",15240,"Paypayrola blanchetiana Tul.",15240,"LFB","name ok","Violaceae"
"488","Peltogyne pauciflora Benth.",18934,"Peltogyne pauciflora Benth.",18934,"LFB","name ok","Fabaceae"
"489","Pera coccinea (Benth.) Müll.Arg.",29341,"Pera coccinea (Benth.) Müll.Arg.",29341,"LFB","name ok","Peraceae"
"490","Pera heteranthera (Schrank) I.M.Johnst.",17630,"Pera heteranthera (Schrank) I.M.Johnst.",17630,"LFB","name ok","Peraceae"
"491","Persea major (Meisn.) Kopp",NA,"Persea major (Meisn.) Kopp",NA,"not in LFB",NA,"Lauraceae"
"492","Philyra brasiliensis Klotzsch",25552,"Philyra brasiliensis Klotzsch",25552,"LFB","name ok","Euphorbiaceae"
"493","Physominthe vitifolia (Pohl ex Benth.) Harley & J.F.B.Pastore",NA,"Physominthe vitifolia (Pohl ex Benth.) Harley & J.F.B.Pastore",NA,"not in LFB",NA,"Lamiaceae"
"494","Picramnia ciliata Mart.",12593,"Picramnia ciliata Mart.",12593,"LFB","name ok","Picramniaceae"
"495","Picramnia gardneri Planch.",12597,"Picramnia gardneri Planch.",12597,"LFB","name ok","Picramniaceae"
"496","Picramnia glazioviana Engl.",12598,"Picramnia glazioviana Engl.",12598,"LFB","name ok","Picramniaceae"
"497","Picramnia ramiflora Planch.",12601,"Picramnia ramiflora Planch.",12601,"LFB","name ok","Picramniaceae"
"498","Pilocarpus pauciflorus A.St.-Hil.",887,"Pilocarpus pauciflorus A.St.-Hil.",887,"LFB","name ok","Rutaceae"
"499","Pilocarpus riedelianus Engl.",895,"Pilocarpus riedelianus Engl.",895,"LFB","name ok","Rutaceae"
"500","Pilocarpus spicatus A.St.-Hil.",898,"Pilocarpus spicatus A.St.-Hil.",898,"LFB","name ok","Rutaceae"
"501","Piptadenia paniculata Benth.",83589,"Piptadenia paniculata Benth.",83589,"LFB","name ok","Fabaceae"
"502","Platymiscium floribundum Vogel",29816,"Platymiscium floribundum Vogel",29816,"LFB","name ok","Fabaceae"
"503","Plinia cauliflora (Mart.) Kausel",10828,"Plinia cauliflora (Mart.) Kausel",10828,"LFB","name ok","Myrtaceae"
"504","Poecilanthe falcata (Vell.) Heringer",18980,"Poecilanthe falcata (Vell.) Heringer",18980,"LFB","name ok","Fabaceae"
"505","Poecilanthe ulei (Harms) Arroyo & Rudd",18984,"Poecilanthe ulei (Harms) Arroyo & Rudd",18984,"LFB","name ok","Fabaceae"
"506","Posoqueria acutifolia Mart.",14148,"Posoqueria acutifolia Mart.",14148,"LFB","name ok","Rubiaceae"
"507","Protium brasiliense Engl.",NA,"Protium brasiliense Engl.",NA,"not in LFB",NA,"Burseraceae"
"508","Protium ovatum Engl.",16660,"Protium ovatum Engl.",16660,"LFB","name ok","Burseraceae"
"509","Protium pilosissimum Engl.",27736,"Protium pilosissimum Engl.",27736,"LFB","name ok","Burseraceae"
"510","Protium warmingianum Marchand",6601,"Protium warmingianum Marchand",6601,"LFB","name ok","Burseraceae"
"511","Pseudobombax campestre (Mart. & Zucc.) A.Robyns",NA,"Pseudobombax campestre (Mart. & Zucc.) A.Robyns",NA,"not in LFB",NA,"Malvaceae"
"512","Pseudobombax parvifolium Carv.-Sobr. & L.P.Queiroz",121777,"Pseudobombax parvifolium Carv.-Sobr. & L.P.Queiroz",121777,"LFB","name ok","Malvaceae"
"513","Pseudobombax simplicifolium A.Robyns",25763,"Pseudobombax simplicifolium A.Robyns",25763,"LFB","name ok","Malvaceae"
"514","Pseudopiptadenia bahiana G.P.Lewis & M.P.Lima",78976,"Pseudopiptadenia bahiana G.P.Lewis & M.P.Lima",78976,"LFB","name ok","Fabaceae"
"515","Pseudopiptadenia brenanii G.P.Lewis & M.P.Lima",78977,"Pseudopiptadenia brenanii G.P.Lewis & M.P.Lima",78977,"LFB","name ok","Fabaceae"
"516","Pseudopiptadenia warmingii (Benth.) G.P.Lewis & M.P.Lima",18998,"Pseudopiptadenia warmingii (Benth.) G.P.Lewis & M.P.Lima",18998,"LFB","name ok","Fabaceae"
"517","Pseudoxandra bahiensis Maas",110515,"Pseudoxandra bahiensis Maas",110515,"LFB","name ok","Annonaceae"
"518","Psidium appendiculatum Kiaersk.",19887,"Psidium appendiculatum Kiaersk.",19887,"LFB","name ok","Myrtaceae"
"519","Psidium brownianum Mart. ex DC.",19888,"Psidium brownianum Mart. ex DC.",19888,"LFB","name ok","Myrtaceae"
"520","Psidium myrsinites DC.",19892,"Psidium myrsinites DC.",19892,"LFB","name ok","Myrtaceae"
"521","Psidium myrtoides O.Berg",10874,"Psidium myrtoides O.Berg",10874,"LFB","name ok","Myrtaceae"
"522","Psidium rufum Mart. ex DC.",10883,"Psidium rufum Mart. ex DC.",10883,"LFB","name ok","Myrtaceae"
"523","Psidium schenckianum Kiaersk.",10886,"Psidium schenckianum Kiaersk.",10886,"LFB","name ok","Myrtaceae"
"524","Psychotria anceps Kunth",14154,"Psychotria anceps Kunth",14154,"LFB","name ok","Rubiaceae"
"525","Psychotria jambosioides Schltdl.",14185,"Psychotria jambosioides Schltdl.",14185,"LFB","name ok","Rubiaceae"
"526","Psychotria laciniata Vell.",14187,"Psychotria laciniata Vell.",14187,"LFB","name ok","Rubiaceae"
"527","Psychotria mapourioides DC.",24556,"Psychotria mapourioides DC.",24556,"LFB","name ok","Rubiaceae"
"528","Psychotria nemorosa Gardner",14199,"Psychotria nemorosa Gardner",14199,"LFB","name ok","Rubiaceae"
"529","Psychotria nuda Wawra",NA,"Psychotria nuda Wawra",NA,"not in LFB",NA,"Rubiaceae"
"530","Pterodon abruptus Benth.",NA,"Pterodon abruptus Benth.",NA,"not in LFB",NA,"Fabaceae"
"531","Quiina amazonica A.C.Sm.",87357,"Quiina amazonica A.C.Sm.",87357,"LFB","name ok","Quiinaceae"
"532","Quiina glaziovii Engl.",596934,"Quiina glaziovii Engl.",596934,"LFB","name ok","Quiinaceae"
"533","Rauvolfia bahiensis A.DC.",4841,"Rauvolfia bahiensis A.DC.",4841,"LFB","name ok","Apocynaceae"
"534","Rauvolfia grandiflora Mart. ex A.DC.",4843,"Rauvolfia grandiflora Mart. ex A.DC.",4843,"LFB","name ok","Apocynaceae"
"535","Remijia ferruginea DC.",NA,"Remijia ferruginea DC.",NA,"not in LFB",NA,"Rubiaceae"
"536","Remijia firmula Wedd.",NA,"Remijia firmula Wedd.",NA,"not in LFB",NA,"Rubiaceae"
"537","Rhodostemonodaphne macrocalyx (Meisn.) Rohwer ex Madriñán",8531,"Rhodostemonodaphne macrocalyx (Meisn.) Rohwer ex Madriñán",8531,"LFB","name ok","Lauraceae"
"538","Rudgea jasminoides (Cham.) Müll.Arg.",14257,"Rudgea jasminoides (Cham.) Müll.Arg.",14257,"LFB","name ok","Rubiaceae"
"539","Rudgea longiflora Benth.",39297,"Rudgea longiflora Benth.",39297,"LFB","name ok","Rubiaceae"
"540","Rustia formosa (Cham. & Schltdl. ex DC.) Klotzsch",NA,"Rustia formosa (Cham. & Schltdl. ex DC.) Klotzsch",NA,"not in LFB",NA,"Rubiaceae"
"541","Salacia grandifolia (Mart.) G.Don",6792,"Salacia grandifolia (Mart.) G.Don",6792,"LFB","name ok","Celastraceae"
"542","Schefflera angustissima (Marchal) Frodin",5134,"Schefflera angustissima (Marchal) Frodin",5134,"LFB","name ok","Araliaceae"
"543","Schefflera macrocarpa (Cham. & Schltdl.) Frodin",15659,"Schefflera macrocarpa (Cham. & Schltdl.) Frodin",15659,"LFB","name ok","Araliaceae"
"544","Schefflera vinosa (Cham. & Schltdl.) Frodin & Fiaschi",15661,"Schefflera vinosa (Cham. & Schltdl.) Frodin & Fiaschi",15661,"LFB","name ok","Araliaceae"
"545","Schistostemon macrophyllum (Benth.) Cuatrec.",84100,"Schistostemon macrophyllum (Benth.) Cuatrec.",84100,"LFB","name ok","Humiriaceae"
"546","Schizocalyx cuspidatus (A.St.-Hil.) Kainul. & B.Bremer",NA,"Schizocalyx cuspidatus (A.St.-Hil.) Kainul. & B.Bremer",NA,"not in LFB",NA,"Rubiaceae"
"547","Schwartzia adamantium (Cambess.) Bedell ex Gir.-Cañas",103322,"Schwartzia adamantium (Cambess.) Bedell ex Gir.-Cañas",103322,"LFB","name ok","Marcgraviaceae"
"548","Scleronema micranthum (Ducke) Ducke",84926,"Scleronema micranthum (Ducke) Ducke",84926,"LFB","name ok","Malvaceae"
"549","Sebastiania macrocarpa Müll.Arg.",25571,"Sebastiania macrocarpa Müll.Arg.",25571,"LFB","name ok","Euphorbiaceae"
"550","Senefeldera verticillata (Vell.) Croizat",17685,"Senefeldera verticillata (Vell.) Croizat",17685,"LFB","name ok","Euphorbiaceae"
"551","Senegalia bahiensis (Benth.) Seigler & Ebinger",100998,"Senegalia bahiensis (Benth.) Seigler & Ebinger",100998,"LFB","name ok","Fabaceae"
"552","Senegalia lasiophylla (Benth.) Seigler & Ebinger",101023,"Senegalia lasiophylla (Benth.) Seigler & Ebinger",101023,"LFB","name ok","Fabaceae"
"553","Senegalia paganuccii Seigler, Ebinger & P.G.Ribeiro",NA,"Senegalia paganuccii Seigler, Ebinger & P.G.Ribeiro",NA,"not in LFB",NA,"Fabaceae"
"554","Senna acuruensis (Benth.) H.S.Irwin & Barneby",28174,"Senna acuruensis (Benth.) H.S.Irwin & Barneby",28174,"LFB","name ok","Fabaceae"
"555","Senna aversiflora (Herb.) H.S.Irwin & Barneby",19054,"Senna aversiflora (Herb.) H.S.Irwin & Barneby",19054,"LFB","name ok","Fabaceae"
"556","Senna cana (Nees & Mart.) H.S.Irwin & Barneby",78775,"Senna cana (Nees & Mart.) H.S.Irwin & Barneby",78775,"LFB","name ok","Fabaceae"
"557","Senna cearensis Afr.Fern.",28185,"Senna cearensis Afr.Fern.",28185,"LFB","name ok","Fabaceae"
"558","Senna trachypus (Benth.) H.S.Irwin & Barneby",28237,"Senna trachypus (Benth.) H.S.Irwin & Barneby",28237,"LFB","name ok","Fabaceae"
"559","Simaba ferruginea A.St.-Hil.",1342,"Homalolepis ferruginea (A.St.-Hil.) Devecchi & Pirani",604263,"LFB","synonym","Simaroubaceae"
"560","Simira glaziovii (K.Schum.) Steyerm.",14290,"Simira glaziovii (K.Schum.) Steyerm.",14290,"LFB","name ok","Rubiaceae"
"561","Simira sampaioana (Standl.) Steyerm.",14294,"Simira sampaioana (Standl.) Steyerm.",14294,"LFB","name ok","Rubiaceae"
"562","Siparuna glycycarpa (Ducke) S.S.Renner & Hausner",NA,"Siparuna glycycarpa (Ducke) S.S.Renner & Hausner",NA,"not in LFB",NA,"Siparunaceae"
"563","Siphoneugena crassifolia (DC.) Proença & Sobral",126962,"Siphoneugena crassifolia (DC.) Proença & Sobral",126962,"LFB","name ok","Myrtaceae"
"564","Solanum argenteum Dunal ex Poir.",NA,"Solanum argenteum Dunal ex Poir.",NA,"not in LFB",NA,"Solanaceae"
"565","Solanum cernuum Vell.",14746,"Solanum cernuum Vell.",14746,"LFB","name ok","Solanaceae"
"566","Solanum granulosoleprosum Dunal",14775,"Solanum granulosoleprosum Dunal",14775,"LFB","name ok","Solanaceae"
"567","Solanum lacerdae Dusén",14796,"Solanum lacerdae Dusén",14796,"LFB","name ok","Solanaceae"
"568","Solanum leptostachys Dunal",14801,"Solanum leptostachys Dunal",14801,"LFB","name ok","Solanaceae"
"569","Solanum oocarpum Sendtn.",14816,"Solanum oocarpum Sendtn.",14816,"LFB","name ok","Solanaceae"
"570","Solanum pabstii L.B.Sm. & Downs",14817,"Solanum pabstii L.B.Sm. & Downs",14817,"LFB","name ok","Solanaceae"
"571","Solanum paranense Dusén",14824,"Solanum paranense Dusén",14824,"LFB","name ok","Solanaceae"
"572","Solanum rufescens Sendtn.",14846,"Solanum rufescens Sendtn.",14846,"LFB","name ok","Solanaceae"
"573","Solanum stipulaceum Willd. ex Roem. & Schult.",14865,"Solanum stipulaceum Willd. ex Roem. & Schult.",14865,"LFB","name ok","Solanaceae"
"574","Solanum variabile Mart.",14880,"Solanum variabile Mart.",14880,"LFB","name ok","Solanaceae"
"575","Sorocea hilarii Gaudich.",10193,"Sorocea hilarii Gaudich.",10193,"LFB","name ok","Moraceae"
"576","Sorocea racemosa Gaudich.",10195,"Sorocea racemosa Gaudich.",10195,"LFB","name ok","Moraceae"
"577","Sparattanthelium botocudorum Mart.",17770,"Sparattanthelium botocudorum Mart.",17770,"LFB","name ok","Hernandiaceae"
"578","Spondias tuberosa Arruda",4405,"Spondias tuberosa Arruda",4405,"LFB","name ok","Anacardiaceae"
"579","Spondias venulosa Mart. ex Engl.",NA,"Spondias venulosa Mart. ex Engl.",NA,"not in LFB",NA,"Anacardiaceae"
"580","Stifftia chrysantha Mikan",NA,"Stifftia chrysantha Mikan",NA,"not in LFB",NA,"Asteraceae"
"581","Stillingia trapezoidea Ule",25573,"Stillingia trapezoidea Ule",25573,"LFB","name ok","Euphorbiaceae"
"582","Stillingia uleana Pax & Hoffm.",NA,"Stillingia uleana Pax & Hoffm.",NA,"not in LFB",NA,"Euphorbiaceae"
"583","Stryphnodendron polyphyllum Mart.",83739,"Stryphnodendron polyphyllum Mart.",83739,"LFB","name ok","Fabaceae"
"584","Stryphnodendron rotundifolium Mart.",83743,"Stryphnodendron rotundifolium Mart.",83743,"LFB","name ok","Fabaceae"
"585","Styrax camporum Pohl",21251,"Styrax camporum Pohl",21251,"LFB","name ok","Styracaceae"
"586","Styrax martii Seub.",26128,"Styrax martii Seub.",26128,"LFB","name ok","Styracaceae"
"587","Swartzia apetala Raddi",23180,"Swartzia apetala Raddi",23180,"LFB","name ok","Fabaceae"
"588","Swartzia laurifolia Benth.",83782,"Swartzia laurifolia Benth.",83782,"LFB","name ok","Fabaceae"
"589","Swartzia recurva Poepp.",78812,"Swartzia recurva Poepp.",78812,"LFB","name ok","Fabaceae"
"590","Syagrus coronata Becc.",NA,"Syagrus coronata Becc.",NA,"not in LFB",NA,"Arecaceae"
"591","Syagrus vagans (Bondar) A.D.Hawkes",15747,"Syagrus vagans (Bondar) A.D.Hawkes",15747,"LFB","name ok","Arecaceae"
"592","Symplocos estrellensis Casar.",111277,"Symplocos estrellensis Casar.",111277,"LFB","name ok","Symplocaceae"
"593","Symplocos glandulosomarginata Hoehne",14903,"Symplocos glandulosomarginata Hoehne",14903,"LFB","name ok","Symplocaceae"
"594","Symplocos laxiflora Benth.",14908,"Symplocos laxiflora Benth.",14908,"LFB","name ok","Symplocaceae"
"595","Symplocos oblongifolia Casar.",115607,"Symplocos oblongifolia Casar.",115607,"LFB","name ok","Symplocaceae"
"596","Symplocos tetrandra (Mart.) Mart.",NA,"Symplocos tetrandra (Mart.) Mart.",NA,"not in LFB",NA,"Symplocaceae"
"597","Tabebuia elliptica (DC.) Sandwith",114277,"Tabebuia elliptica (DC.) Sandwith",114277,"LFB","name ok","Bignoniaceae"
"598","Tabernaemontana angulata Mart. ex Müll.Arg.",15608,"Tabernaemontana angulata Mart. ex Müll.Arg.",15608,"LFB","name ok","Apocynaceae"
"599","Tabernaemontana hystrix Steud.",4863,"Tabernaemontana hystrix Steud.",4863,"LFB","name ok","Apocynaceae"
"600","Tabernaemontana laeta Mart.",4864,"Tabernaemontana laeta Mart.",4864,"LFB","name ok","Apocynaceae"
"601","Tabernaemontana salzmannii A.DC.",26482,"Tabernaemontana salzmannii A.DC.",26482,"LFB","name ok","Apocynaceae"
"602","Tabernaemontana solanifolia A.DC.",4866,"Tabernaemontana solanifolia A.DC.",4866,"LFB","name ok","Apocynaceae"
"603","Tachigali paratyensis (Vell.) H.C.Lima",100910,"Tachigali paratyensis (Vell.) H.C.Lima",100910,"LFB","name ok","Fabaceae"
"604","Talisia macrophylla Radlk.",NA,"Talisia macrophylla Radlk.",NA,"not in LFB",NA,"Sapindaceae"
"605","Terminalia actinophylla Mart.",16895,"Terminalia actinophylla Mart.",16895,"LFB","name ok","Combretaceae"
"606","Ternstroemia alnifolia Wawra",25938,"Ternstroemia alnifolia Wawra",25938,"LFB","name ok","Pentaphylacaceae"
"607","Tetrastylidium grandifolium (Baill.) Sleumer",19959,"Tetrastylidium grandifolium (Baill.) Sleumer",19959,"LFB","name ok","Olacaceae"
"608","Theobroma grandiflorum Schum.",NA,"Theobroma grandiflorum Schum.",NA,"not in LFB",NA,"Malvaceae"
"609","Tibouchina clavata (Persoon) Wurdack",NA,"Tibouchina clavata (Persoon) Wurdack",NA,"not in LFB",NA,"Melastomataceae"
"610","Tibouchina estrellensis (Raddi) Cogn.",9908,"Tibouchina estrellensis (Raddi) Cogn.",9908,"LFB","name ok","Melastomataceae"
"611","Tibouchina reitzii Brade",9956,"Tibouchina reitzii Brade",9956,"LFB","name ok","Melastomataceae"
"612","Tibouchina sellowiana Cogn.",9965,"Tibouchina sellowiana Cogn.",9965,"LFB","name ok","Melastomataceae"
"613","Tococa subciliata Triana",NA,"Tococa subciliata Triana",NA,"not in LFB",NA,"Melastomataceae"
"614","Tocoyena brasiliensis Mart.",14336,"Tocoyena brasiliensis Mart.",14336,"LFB","name ok","Rubiaceae"
"615","Tovomita brevistaminea Engl.",6886,"Tovomita brevistaminea Engl.",6886,"LFB","name ok","Clusiaceae"
"616","Tovomita mangle G.Mariz",NA,"Tovomita mangle G.Mariz",NA,"not in LFB",NA,"Clusiaceae"
"617","Trembleya laniflora Cogn.",NA,"Trembleya laniflora Cogn.",NA,"not in LFB",NA,"Melastomataceae"
"618","Trembleya parviflora Cogn.",NA,"Trembleya parviflora Cogn.",NA,"not in LFB",NA,"Melastomataceae"
"619","Unonopsis bahiensis Maas & Orava",110540,"Unonopsis bahiensis Maas & Orava",110540,"LFB","name ok","Annonaceae"
"620","Vantanea compacta (Schnizl.) Cuatrec.",7987,"Vantanea compacta (Schnizl.) Cuatrec.",7987,"LFB","name ok","Humiriaceae"
"621","Vantanea obovata Benth.",NA,"Vantanea obovata Benth.",NA,"not in LFB",NA,"Humiriaceae"
"622","Vellozia squamata Pohl",21388,"Vellozia squamata Pohl",21388,"LFB","name ok","Velloziaceae"
"623","Vernonanthura discolor (Less.) H.Rob.",NA,"Vernonanthura discolor (Less.) H.Rob.",NA,"not in LFB",NA,"Asteraceae"
"624","Vernonanthura divaricata (Spreng.) H.Rob.",27444,"Vernonanthura divaricata (Spreng.) H.Rob.",27444,"LFB","name ok","Asteraceae"
"625","Vernonanthura petiolaris (A.DC.) H.Rob.",NA,"Vernonanthura petiolaris (A.DC.) H.Rob.",NA,"not in LFB",NA,"Asteraceae"
"626","Virola gardneri Warb.",NA,"Virola gardneri Warb.",NA,"not in LFB",NA,"Myristicaceae"
"627","Vismia brasiliensis Choisy",8012,"Vismia brasiliensis Choisy",8012,"LFB","name ok","Hypericaceae"
"628","Vismia pentagyna (Spreng.) Ewan",8018,"Vismia pentagyna (Spreng.) Ewan",8018,"LFB","name ok","Hypericaceae"
"629","Vitex gardneriana Schauer",25606,"Vitex gardneriana Schauer",25606,"LFB","name ok","Lamiaceae"
"630","Vitex panshiniana Moldenke",25608,"Vitex panshiniana Moldenke",25608,"LFB","name ok","Lamiaceae"
"631","Vitex polygama Cham.",8371,"Vitex polygama Cham.",8371,"LFB","name ok","Lamiaceae"
"632","Vitex schaueriana Moldenke",25609,"Vitex schaueriana Moldenke",25609,"LFB","name ok","Lamiaceae"
"633","Vitex sellowiana Cham.",8374,"Vitex sellowiana Cham.",8374,"LFB","name ok","Lamiaceae"
"634","Vochysia acuminata Bong.",15297,"Vochysia acuminata Bong.",15297,"LFB","name ok","Vochysiaceae"
"635","Vochysia bifalcata Warm.",15299,"Vochysia bifalcata Warm.",15299,"LFB","name ok","Vochysiaceae"
"636","Vochysia elliptica Mart.",15302,"Vochysia elliptica Mart.",15302,"LFB","name ok","Vochysiaceae"
"637","Vochysia emarginata Vahl ex Poir.",NA,"Vochysia emarginata Vahl ex Poir.",NA,"not in LFB",NA,"Vochysiaceae"
"638","Vochysia gardneri Warm.",15304,"Vochysia gardneri Warm.",15304,"LFB","name ok","Vochysiaceae"
"639","Vochysia magnifica Warm.",15308,"Vochysia magnifica Warm.",15308,"LFB","name ok","Vochysiaceae"
"640","Vochysia pyramidalis Mart.",15312,"Vochysia pyramidalis Mart.",15312,"LFB","name ok","Vochysiaceae"
"641","Vochysia thyrsoidea Pohl",15321,"Vochysia thyrsoidea Pohl",15321,"LFB","name ok","Vochysiaceae"
"642","Waltheria cinerescens A.St.-Hil.",605051,NA,NA,"LFB",NA,"Malvaceae"
"643","Weinmannia humilis Engl.",7127,"Weinmannia humilis Engl.",7127,"LFB","name ok","Cunoniaceae"
"644","Wunderlichia mirabilis Riedel ex Baker",5544,"Wunderlichia mirabilis Riedel ex Baker",5544,"LFB","name ok","Asteraceae"
"645","Xylopia laevigata R.E.Fr.",NA,"Xylopia laevigata R.E.Fr.",NA,"not in LFB",NA,"Annonaceae"
"646","Xylopia ochrantha Mart.",110580,"Xylopia ochrantha Mart.",110580,"LFB","name ok","Annonaceae"
"647","Xylopia polyantha R.E.Fr.",110581,"Xylopia polyantha R.E.Fr.",110581,"LFB","name ok","Annonaceae"
"648","Xylosma prockia (Turcz.) Turcz.",14396,"Xylosma prockia (Turcz.) Turcz.",14396,"LFB","name ok","Salicaceae"
"649","Zanthoxylum stelligerum Turcz.",1182,"Zanthoxylum stelligerum Turcz.",1182,"LFB","name ok","Rutaceae"
"650","Zanthoxylum tingoassuiba A.St.-Hil.",1186,"Zanthoxylum tingoassuiba A.St.-Hil.",1186,"LFB","name ok","Rutaceae"
"651","Zollernia ilicifolia Vogel",NA,"Zollernia ilicifolia Vogel",NA,"not in LFB",NA,"Fabaceae"
"652","Eugenia cuprea (O.Berg) Mattos",NA,"Eugenia cuprea (O.Berg) Mattos",NA,"not in LFB",NA,"Myrtaceae"
"653","Eugenia cyclophylla O.Berg",19837,"Eugenia astringens Cambess.",25824,"LFB","synonym","Myrtaceae"
"654","Eugenia modesta DC.",10460,"Eugenia modesta DC.",10460,"LFB","name ok","Myrtaceae"
"655","Eugenia oblongata O.Berg",10479,"Eugenia oblongata O.Berg",10479,"LFB","name ok","Myrtaceae"
"656","Lecythis idatimon Aubl.",17969,"Lecythis idatimon Aubl.",17969,"LFB","name ok","Lecythidaceae"
"657","Myrcia hartwegiana Kiaersk.",NA,"Myrcia hartwegiana Kiaersk.",NA,"not in LFB",NA,"Myrtaceae"
"658","Vitex rufescens A.Juss.",8373,"Vitex rufescens A.Juss.",8373,"LFB","name ok","Lamiaceae"
"659","Byrsonima ligustrifolia Mart.",NA,"Byrsonima ligustrifolia Mart.",NA,"not in LFB",NA,"Malpighiaceae"
"660","Byrsonima pachyphylla A.Juss.",19425,"Byrsonima pachyphylla A.Juss.",19425,"LFB","name ok","Malpighiaceae"
"661","Kielmeyera tomentosa Cambess.",101313,"Kielmeyera tomentosa Cambess.",101313,"LFB","name ok","Calophyllaceae"
"662","Bauhinia curvula Benth.",27767,"Bauhinia curvula Benth.",27767,"LFB","name ok","Fabaceae"
"663","Miconia leucocarpa DC.",30721,"Miconia leucocarpa DC.",30721,"LFB","name ok","Melastomataceae"
"664","Calliandra depauperata Benth.",18185,"Calliandra depauperata Benth.",18185,"LFB","name ok","Fabaceae"
"665","Calliandra leptopoda Benth.",18206,"Calliandra leptopoda Benth.",18206,"LFB","name ok","Fabaceae"
"666","Croton sonderianus Müll.Arg.",17540,"Croton jacobinensis Baill.",17519,"LFB","synonym","Euphorbiaceae"
"667","Myrcia ferruginosa Mazine",582884,"Myrcia ferruginosa Mazine",582884,"LFB","name ok","Myrtaceae"
"668","Miconia trianae Cogn.",9775,"Miconia trianae Cogn.",9775,"LFB","name ok","Melastomataceae"
"669","Annona sylvatica A. St.-Hil.",NA,"Annona sylvatica A. St.-Hil.",NA,"not in LFB",NA,"Annonaceae"
"670","Annona dolabripetala Raddi",110241,"Annona dolabripetala Raddi",110241,"LFB","name ok","Annonaceae"
"671","Chamaecrista eitenorum (H.S.Irwin & Barneby) H.S.Irwin & Barneby",82895,"Chamaecrista eitenorum (H.S.Irwin & Barneby) H.S.Irwin & Barneby",82895,"LFB","name ok","Fabaceae"
"672","Callianthe rufinerva (A.St.-Hil.) Donnell",NA,"Callianthe rufinerva (A.St.-Hil.) Donnell",NA,"not in LFB",NA,"Malvaceae"
"673","Mimosa regnellii Benth.",31318,"Mimosa regnellii Benth.",31318,"LFB","name ok","Fabaceae"
